Combination,Count
D173.A_N184.C+E141.A_D173.A+E152.C_N184.C+E152.D_N184.D+N184.B,3
E141.A_D173.A+E141.A_D173.A_N184.B+E152.C_N184.C+E152.D_N184.D+N184.B_E152.D,3
D173.A_N184.B+E141.A_D173.A+E152.B_N184.B+E152.C_N184.C+E152.D_N184.D,3
E141.A_D173.A+E152.B_N184.B+E152.C_N184.C+E152.D_N184.D+N184.B,3
E141.A_D173.A+E141.A_D173.A_N184.B+E152.C_N184.C+E152.D_N184.D+N184.B,2
D173.A_N184.B+E141.A_D173.A+E152.C_N184.C+E152.D_N184.D+N184.B_N184.C_N184.D,2
D173.A_N184.C+E141.A_D173.A+E152.B_N184.B+E152.C_N184.C+E152.D_N184.D,2
D173.A_N184.B+E141.A_D173.A+E152.C_N184.C+E152.D_N184.D+N184.B,2
D173.A_E152.C_N184.C+D173.A_N184.B+E152.C_N184.C+E152.D_N184.D+N184.B,1
D173.A_E152.C_N184.C+E141.A_D173.A_N184.B+E152.B_N184.B_E152.D+E152.C_N184.C+E152.D_N184.D,1
D173.A_E152.C_N184.C+D173.A_N184.C+E152.B_N184.B+E152.C_N184.C+E152.D_N184.D,1
D173.A_E152.C_N184.C+D173.A_N184.B+E141.A_N184.B+E152.C_N184.C+E152.D_N184.D,1
E141.A_D173.A+E152.C_N184.C+E152.D_N184.D+N184.B_E152.D_N184.D+N184.C,1
D173.A_N184.B+E141.A_D173.A+E152.C_N184.C+E152.D_N184.D+N184.B_E152.D_N184.D,1
E141.A_D173.A+E152.C+E152.C_N184.C+E152.D_N184.D+N184.B,1
D173.A_N184.B_N184.C+E141.A_D173.A+E152.C+E152.C_N184.C+E152.D_N184.D,1
E141.A+E141.A_D173.A+E152.C_N184.C+E152.D_N184.D+N184.B,1
D173.A+E141.A_D173.A+E152.C_N184.C+E152.D_N184.D+N184.C,1
E141.A_D173.A+E152.B_N184.B+E152.C_N184.C+E152.D+N184.B_E152.D,1
E141.A_D173.A+E152.C_N184.C+E152.D+E152.D_N184.D+N184.B_N184.C,1
E141.A_D173.A+E152.B_N184.B_E152.D_N184.D+E152.C_N184.C+E152.D_N184.D+N184.B,1
D173.A_N184.C+E141.A_D173.A_N184.B+E152.B_N184.B_E152.D+E152.C_N184.C+E152.D_N184.D,1
D173.A_N184.C+E141.A_D173.A+E152.B_N184.B_E152.D+E152.C+E152.D_N184.D,1
D173.A_N184.B_N184.C+E141.A_D173.A+E152.C+E152.D_N184.D+N184.B_E152.D,1
D173.A_N184.C+E141.A_D173.A_N184.B+E152.C_N184.C+E152.D_N184.D+N184.B_N184.C_N184.D,1
D173.A_E152.C+E141.A_D173.A+E152.C_N184.C+E152.D_N184.D+N184.B_N184.D,1
D173.A_N184.C+E141.A_D173.A+E152.C_N184.C+E152.D_N184.D+N184.B_N184.C_N184.D,1
E141.A_D173.A+E141.A_D173.A_N184.B+E152.C_N184.C+E152.D_N184.D+N184.B_E152.D_N184.D,1
D173.A+E141.A_D173.A+E152.C_N184.C+E152.D_N184.D+N184.B_E152.D_N184.D,1
E141.A_D173.A+E152.C+E152.C_N184.C+E152.D_N184.D+N184.C_N184.D,1
D173.A_N184.C+E141.A_D173.A+E152.C_N184.C+E152.D_N184.D+N184.C,1
E141.A+E141.A_D173.A_N184.B+E152.B_N184.B+E152.C_N184.C+E152.D_N184.D,1
E141.A_D173.A+E141.A_D173.A_N184.B+E152.C+E152.C_N184.C+E152.D_N184.D,1
E141.A_D173.A+E141.A_D173.A_N184.B+E152.C_N184.C+E152.D+E152.D_N184.D,1
E141.A_D173.A+E141.A_D173.A_N184.B+E152.C_N184.C+E152.D+N184.B,1
E141.A+E141.A_D173.A+E152.C_N184.C+N184.B_E152.D_N184.D+N184.C_N184.D,1
E141.A_D173.A+E152.C_N184.C+E152.D_N184.D+N184.B+N184.B_N184.D,1
D173.A_N184.C+E141.A_D173.A+E152.C_N184.C+E152.D_N184.D+N184.B_N184.C,1
E141.A_D173.A+E152.B_N184.B+E152.C_N184.C+E152.D_N184.D+N184.D,1
E141.A_D173.A+E152.B_N184.B+E152.C+E152.C_N184.C+E152.D_N184.D,1
E141.A_D173.A+E141.A_E152.C+E152.B_N184.B+E152.D_N184.D+N184.C_N184.D,1
E141.A_D173.A+E152.B+E152.C+E152.D_N184.D+N184.B_N184.D,1
E141.A_D173.A+E152.B+E152.C_N184.C+E152.D_N184.D+N184.B_N184.D,1
E141.A_D173.A+E152.B_N184.B+E152.C+E152.D_N184.D+N184.C,1
E141.A_D173.A+E152.B_N184.B+E152.C+E152.D_N184.D+N184.B_N184.C_N184.D,1
E141.A_D173.A+E152.B_N184.B+E152.C_N184.C+E152.D_N184.D+N184.C,1
E141.A+E152.B_N184.B+E152.C_N184.C+E152.D_N184.D+N184.C,1
E141.A_D173.A+E141.A_D173.A_N184.B+E152.B_N184.B+E152.C_N184.C+E152.D_N184.D,1
E141.A_D173.A+E152.B_N184.B+E152.C+E152.D_N184.D+N184.B,1
E141.A_D173.A+E152.B_N184.B+E152.C_N184.C+E152.D_N184.D+N184.B_N184.D,1
E141.A_D173.A+E141.A_D173.A_N184.B+E152.C_N184.C+E152.D_N184.D,100
E141.A_D173.A+E152.C_N184.C+E152.D_N184.D+N184.B,95
E141.A_D173.A+E152.B_N184.B+E152.C_N184.C+E152.D_N184.D,90
D173.A_N184.B+E141.A_D173.A+E152.C_N184.C+E152.D_N184.D,82
E141.A_D173.A+E152.C_N184.C+E152.D_N184.D+N184.C,66
D173.A_N184.C+E141.A_D173.A+E152.C_N184.C+E152.D_N184.D,53
E141.A_D173.A+E152.B_N184.B+E152.D_N184.D+N184.C,34
D173.A+E141.A_D173.A+E152.C_N184.C+E152.D_N184.D,29
D173.A_N184.C+E141.A_D173.A_N184.B+E152.C_N184.C+E152.D_N184.D,27
D173.A_N184.B_N184.C+E141.A_D173.A+E152.C_N184.C+E152.D_N184.D,24
E141.A_D173.A+E152.C_N184.C+E152.D_N184.D+N184.C_N184.D,24
E141.A_D173.A+E152.B_N184.B+E152.D_N184.D+N184.C_N184.D,22
E141.A_D173.A+E152.C+E152.C_N184.C+E152.D_N184.D,20
E141.A_D173.A+E152.C_N184.C+E152.D_N184.D+N184.B_N184.D,20
E141.A_D173.A_N184.B+E152.C_N184.C+E152.D_N184.D+N184.B,19
E141.A_D173.A+E152.B_N184.B+E152.D_N184.D+N184.B,19
E141.A_D173.A+E152.B_N184.B+E152.C+E152.D_N184.D,19
D173.A_N184.B+E141.A_D173.A+E152.B_N184.B+E152.D_N184.D,18
E141.A_D173.A_N184.B+E152.C_N184.C+E152.D_N184.D+N184.C,14
D173.A_N184.B+E141.A_D173.A_N184.B+E152.C_N184.C+E152.D_N184.D,14
E141.A_D173.A+E141.A_D173.A_N184.B+E152.D_N184.D+N184.C,12
D173.A+E141.A_D173.A_N184.B+E152.C_N184.C+E152.D_N184.D,12
E152.B_N184.B+E152.C_N184.C+E152.D_N184.D+N184.B,12
E141.A_D173.A+E152.C+E152.D_N184.D+N184.B,11
D173.A_N184.C+E141.A_D173.A+E152.B_N184.B+E152.D_N184.D,11
E141.A_D173.A+E152.B_N184.B+E152.D_N184.D+N184.D,11
E152.B_N184.B+E152.C_N184.C+E152.D_N184.D+N184.C,11
E141.A_D173.A+E152.C_N184.C+E152.D_N184.D+N184.B_N184.C,10
E141.A_D173.A_N184.B+E152.C_N184.C+E152.D_N184.D+N184.C_N184.D,10
D173.A+E141.A_D173.A+E152.B_N184.B+E152.D_N184.D,10
E141.A_D173.A+E152.C_N184.C+E152.D_N184.D+N184.B_E152.D,9
E141.A_D173.A+E152.C_N184.C+E152.D_N184.D+N184.D,9
E141.A_D173.A+E152.C_N184.C+E152.D_N184.D+N184.B_N184.C_N184.D,9
D173.A_N184.C+E152.B_N184.B+E152.C_N184.C+E152.D_N184.D,9
E141.A_D173.A+E152.C_N184.C+E152.D_N184.D+N184.B_E152.D_N184.D,9
E141.A_D173.A+E152.C+E152.D_N184.D+N184.C,9
D173.A_N184.B_N184.C+E141.A_D173.A_N184.B+E152.C_N184.C+E152.D_N184.D,9
D173.A_N184.B+E152.B_N184.B+E152.C_N184.C+E152.D_N184.D,9
E141.A_D173.A+E141.A_D173.A_N184.B+E152.B_N184.B+E152.D_N184.D,9
E152.B_N184.B+E152.C_N184.C+E152.D_N184.D+N184.C_N184.D,9
D173.A_N184.C+E141.A_D173.A+E152.D_N184.D+N184.B,8
E141.A_D173.A_N184.B+E152.C_N184.C+E152.D_N184.D+N184.B_N184.C_N184.D,8
E141.A_D173.A+E141.A_D173.A_N184.B+E152.C_N184.C+N184.C_N184.D,8
E141.A_D173.A+E141.A_D173.A_N184.B+E152.C+E152.D_N184.D,8
E141.A_D173.A+E141.A_D173.A_N184.B+E152.D_N184.D+N184.C_N184.D,8
E141.A_D173.A_N184.B+E152.C+E152.D_N184.D+N184.C,8
D173.A_E152.C_N184.C+E141.A_D173.A+E152.C_N184.C+E152.D_N184.D,7
E141.A_D173.A_N184.B+E152.C+E152.C_N184.C+E152.D_N184.D,7
D173.A_N184.C+E152.C_N184.C+E152.D_N184.D+N184.B,6
E141.A_D173.A_N184.B+E152.B_N184.B+E152.C_N184.C+E152.D_N184.D,6
D173.A_N184.B_N184.C+E141.A_D173.A+E152.C+E152.D_N184.D,6
E141.A_D173.A+E152.D_N184.D+N184.B+N184.C,6
D173.A_N184.B+E141.A_D173.A+E152.D_N184.D+N184.C_N184.D,6
D173.A_N184.B+E141.A_D173.A+E152.D_N184.D+N184.C,6
E141.A+E152.B_N184.B+E152.C_N184.C+E152.D_N184.D,6
D173.A_N184.B+E141.A_D173.A+E152.C+E152.D_N184.D,6
D173.A_N184.B+E152.B_N184.B+E152.D_N184.D+N184.C,6
E141.A_D173.A+E141.A_D173.A_N184.B+E152.C_N184.C+N184.B,5
E141.A_D173.A_N184.B+E152.C_N184.C+E152.D_N184.D+N184.B_E152.D,5
E141.A_D173.A+E141.A_D173.A_N184.B+E152.D_N184.D+N184.B,5
D173.A_N184.B+D173.A_N184.C+E152.C_N184.C+E152.D_N184.D,5
E141.A+E141.A_D173.A+E152.C_N184.C+E152.D_N184.D,5
D173.A_N184.C+E141.A_D173.A+E152.C+E152.D_N184.D,5
E141.A_D173.A_N184.B+E152.C_N184.C+E152.D_N184.D+N184.B_N184.C,5
E141.A_D173.A+E152.B_N184.B+E152.D_N184.D+N184.B_N184.D,5
E152.B_N184.B+E152.B_N184.B_N184.D+E152.C_N184.C+E152.D_N184.D,5
E152.B_N184.B+E152.C+E152.D_N184.D+N184.C,5
E141.A_N184.B+E152.C_N184.C+E152.D_N184.D+N184.B,4
D173.A_N184.B+E152.C_N184.C+E152.D_N184.D+N184.B,4
D173.A_N184.C+E141.A_D173.A+E152.C_N184.C+N184.B,4
D173.A_N184.B+E141.A_D173.A+E152.C_N184.C+N184.B_E152.D_N184.D,4
D173.A+E141.A_D173.A+E152.D_N184.D+N184.C,4
E141.A_D173.A+E141.A_N184.B+E152.C_N184.C+E152.D_N184.D,4
D173.A_N184.C+E141.A_D173.A+E152.D_N184.D+N184.C,4
D173.A_N184.B+E141.A_D173.A+E152.C_N184.C+E152.D,4
E141.A_D173.A+E141.A_D173.A_N184.B+E152.C_N184.C+N184.B_E152.D_N184.D,4
E141.A_D173.A+E141.A_D173.A_N184.B+E152.C_N184.C+E152.D,4
D173.A+E141.A_D173.A+E152.C+E152.D_N184.D,4
E141.A_D173.A+E141.A_D173.A_N184.B+E152.D_N184.D+N184.B_N184.D,4
D173.A+E152.B_N184.B+E152.D_N184.D+N184.C,4
E152.B_N184.B+E152.C_N184.C+E152.D_N184.D+N184.D,4
E141.A_D173.A+E152.B+E152.C_N184.C+E152.D_N184.D,4
D173.A+E141.A_D173.A_N184.B+E152.D_N184.D+N184.C,3
E141.A_D173.A+E141.A_D173.A_N184.B+E152.C_N184.C+N184.C_E152.D_N184.D,3
D173.A_E152.C+E141.A_D173.A_N184.B+E152.C_N184.C+E152.D_N184.D,3
D173.A_E152.C_N184.C+E141.A_D173.A_N184.B+E152.C_N184.C+E152.D_N184.D,3
E141.A_D173.A+E152.C_N184.C+E152.D+E152.D_N184.D,3
E141.A_D173.A_N184.B+E152.C_N184.C+E152.D_N184.D+N184.B_N184.D,3
E141.A_D173.A+E141.A_D173.A_N184.B+E152.C_N184.C+N184.B_E152.D,3
E141.A_D173.A+E141.A_D173.A_N184.B+E152.D_N184.D+N184.B_E152.D,3
D173.A_N184.B+E141.A_D173.A+E152.C_N184.C+N184.B_N184.C_N184.D,3
D173.A_N184.B+E141.A_D173.A+E152.D_N184.D+N184.B_N184.C_N184.D,3
E141.A+E152.C_N184.C+E152.D_N184.D+N184.B,3
D173.A+E152.C_N184.C+E152.D_N184.D+N184.C,3
E141.A_D173.A+E152.C_N184.C+N184.B+N184.C_E152.D_N184.D,3
E141.A_D173.A+E152.B_N184.B+E152.C_N184.C+E152.D,3
E141.A_D173.A+E152.C+E152.D_N184.D+N184.C_N184.D,3
D173.A+E141.A_D173.A+E152.D_N184.D+N184.B,3
E141.A_D173.A+E141.A_D173.A_N184.B+E152.D+E152.D_N184.D,3
D173.A_N184.B+E141.A_D173.A+E152.D_N184.D+N184.B,3
D173.A_N184.B+E141.A_D173.A+E152.B_N184.B+E152.C_N184.C,3
E141.A_D173.A_N184.B+E152.C_N184.C+E152.D+E152.D_N184.D,3
D173.A_N184.B+E141.A_D173.A+E152.C_N184.C+N184.C_N184.D,3
D173.A_N184.B+E152.C+E152.C_N184.C+E152.D_N184.D,3
D173.A_N184.B+E141.A_D173.A_N184.B+E152.D_N184.D+N184.C,3
D173.A_N184.C+E141.A_D173.A_N184.B+E152.C+E152.D_N184.D,3
D173.A_N184.B+E141.A_D173.A+E152.C_N184.C+N184.C,3
E141.A_D173.A+E152.B_N184.B+E152.D_N184.D+N184.B_N184.C_N184.D,3
E141.A_D173.A+E152.B_N184.B+E152.C_N184.C+N184.B,3
D173.A+E152.B_N184.B+E152.C_N184.C+E152.D_N184.D,3
D173.A+D173.A_E152.C+D173.A_N184.B+E152.D_N184.D,3
D173.A_E152.C+D173.A_N184.B+D173.A_N184.C+E152.D_N184.D,3
D173.A_N184.C+E152.B_N184.B+E152.D_N184.D+N184.C,3
E141.A_D173.A+E152.B_N184.B+E152.D_N184.D+N184.B_N184.C,3
D173.A_N184.B_N184.C+D173.A_N184.C+E141.A_D173.A_N184.B+N184.B,2
E141.A_D173.A+E141.A_D173.A_N184.B+E152.C_N184.C+N184.C,2
E141.A_D173.A_N184.B+E152.C_N184.C+E152.D_N184.D+N184.B_E152.D_N184.D,2
D173.A_E152.C_N184.C+D173.A_N184.B+E152.C_N184.C+E152.D_N184.D,2
D173.A_E152.C_N184.C+D173.A_N184.B+E152.D_N184.D+N184.B,2
E141.A_D173.A_N184.B+E152.B_N184.B_E152.D+E152.C_N184.C+E152.D_N184.D,2
D173.A_E152.C_N184.C+E141.A_N184.B+E152.C_N184.C+E152.D_N184.D,2
D173.A_N184.B+E141.A_N184.B+E152.C_N184.C+E152.D_N184.D,2
E141.A_D173.A+E152.C+E152.C_N184.C+N184.B,2
E141.A_D173.A+E152.C_N184.C+E152.D_N184.D+N184.C_E152.D_N184.D,2
E141.A_D173.A+E141.A_D173.A_N184.B+E152.D_N184.D+N184.C_E152.D_N184.D,2
D173.A_N184.B+E152.C_N184.C+E152.D_N184.D+N184.B_N184.C_N184.D,2
D173.A+E141.A_D173.A+E152.C_N184.C+N184.C,2
D173.A_N184.B+E141.A_D173.A+E152.C_N184.C+N184.C_E152.D_N184.D,2
D173.A_N184.C+E152.C_N184.C+E152.D_N184.D+N184.B_N184.C,2
D173.A_N184.B+E152.C_N184.C+E152.D_N184.D+N184.C,2
E141.A_D173.A+E152.C_N184.C+E152.D+N184.B_N184.C,2
E141.A_D173.A+E152.B_N184.B_E152.D_N184.D+E152.C_N184.C+E152.D_N184.D,2
D173.A_N184.C+E141.A_D173.A+E152.B_N184.B+E152.C_N184.C,2
D173.A_N184.C+E152.C_N184.C+E152.D_N184.D+N184.B_N184.C_N184.D,2
D173.A_E152.C+E141.A_D173.A+E152.C_N184.C+E152.D_N184.D,2
D173.A_N184.C+E141.A_D173.A+E152.D_N184.D+N184.B_N184.C_N184.D,2
E141.A_D173.A+E152.B_N184.B+E152.C_N184.C+N184.C_E152.D_N184.D,2
D173.A_N184.C+E141.A_D173.A+E152.C_N184.C+N184.C,2
D173.A_E152.C+E141.A_N184.B+E152.C_N184.C+E152.D_N184.D,2
D173.A+E141.A_D173.A+E152.C_N184.C+N184.B_E152.D_N184.D,2
D173.A_N184.C+E152.C_N184.C+E152.D_N184.D+N184.C,2
E141.A+E141.A_D173.A_N184.B+E152.B_N184.B+E152.D_N184.D,2
D173.A_N184.B+E141.A_D173.A+E152.C_N184.C+N184.B,2
E141.A_D173.A+E141.A_D173.A_N184.B+E152.D+N184.B,2
E141.A_D173.A+E152.C_N184.C+N184.B_E152.D_N184.D+N184.C_N184.D,2
E141.A_D173.A+E141.A_D173.A_N184.B+E152.B_N184.B+E152.C_N184.C,2
E141.A_D173.A+E152.D_N184.D+N184.B+N184.B_N184.D,2
E141.A_D173.A_N184.B+E152.C+E152.D_N184.D+N184.C_N184.D,2
D173.A_N184.B_N184.C+E141.A_D173.A_N184.B+E152.D_N184.D+N184.C_N184.D,2
D173.A_N184.B+D173.A_N184.C+E141.A_D173.A_N184.B+E152.D_N184.D,2
E141.A_D173.A_N184.B+E152.D_N184.D+N184.B_N184.C+N184.C,2
E141.A_D173.A_N184.B+E152.D_N184.D+N184.B+N184.C,2
D173.A_N184.B+E152.C_N184.C+E152.D_N184.D+N184.B_N184.C,2
D173.A_N184.B+D173.A_N184.B_N184.C+E152.C_N184.C+E152.D_N184.D,2
D173.A+D173.A_N184.B+E152.C_N184.C+E152.D_N184.D,2
E141.A_D173.A_N184.B+E152.C+E152.D_N184.D+N184.B,2
D173.A_N184.B+E141.A_D173.A_N184.B+E152.C_N184.C+N184.C_N184.D,2
D173.A_N184.C+E141.A_D173.A_N184.B+E152.D_N184.D+N184.C_E152.D_N184.D,2
E141.A_D173.A+E141.A_D173.A_N184.B+E152.D_N184.D+N184.C_E152.D,2
E141.A_D173.A+E152.C+E152.D_N184.D+N184.B_N184.C_N184.D,2
E141.A_D173.A_N184.B+E152.C+E152.D_N184.D+N184.B_E152.D,2
D173.A_E152.C+D173.A_N184.B+E141.A_D173.A+E152.D_N184.D,2
E141.A_D173.A+E152.C_N184.C+E152.C_N184.C_N184.D+E152.D_N184.D,2
D173.A_N184.C+E141.A+E152.C_N184.C+E152.D_N184.D,2
D173.A_N184.B_N184.C+E141.A_D173.A+E152.C+N184.C_N184.D,2
E141.A_D173.A+E152.C_N184.C+E152.C_N184.C_N184.D+N184.B,2
D173.A_N184.B+D173.A_N184.C+E141.A_D173.A+E152.C,2
D173.A_N184.C+E141.A_D173.A+E152.D_N184.D+N184.D,2
E141.A_D173.A+E152.B_N184.B+E152.B_N184.B_N184.D+E152.D_N184.D,2
E141.A_D173.A+E141.A_E152.C+E152.B_N184.B+E152.D_N184.D,2
E141.A_D173.A+E152.B+E152.C+E152.D_N184.D,2
E141.A_D173.A+E152.B+E152.D_N184.D+N184.B_N184.D,2
E141.A_D173.A+E152.C+E152.D_N184.D+N184.D,2
E141.A+E152.B_N184.B+E152.D_N184.D+N184.C,2
D173.A_N184.B+E152.B_N184.B+E152.C+E152.D_N184.D,2
D173.A+E152.B_N184.B+E152.D_N184.D+N184.B,2
D173.A_N184.C+E152.B_N184.B+E152.D_N184.D+N184.B_N184.C,2
D173.A_N184.B_N184.C+E152.B_N184.B+E152.C_N184.C+E152.D_N184.D,2
E152.B_N184.B+E152.C+E152.D_N184.D+N184.B,2
D173.A+E152.B_N184.B+E152.C+E152.D_N184.D,2
E141.A_N184.B+E152.B_N184.B+E152.D_N184.D+N184.C,2
D173.A_N184.B_N184.C+D173.A_N184.C+E152.B_N184.B+E152.D_N184.D,2
D173.A+E141.A_D173.A+E141.A_D173.A_N184.B+E152.D_N184.D,2
E141.A_D173.A+E141.A_N184.B+E152.D_N184.D+N184.B,2
E141.A_D173.A+E141.A_E152.B_N184.B+N184.B+N184.C_N184.D,1
D173.A_N184.B+E141.A_D173.A_N184.B+E152.C_N184.C+N184.B,1
D173.A_N184.B_N184.C+E141.A_D173.A_N184.B+E152.B_N184.B+N184.C,1
E141.A_D173.A_N184.B+E152.C+E152.C_N184.C+N184.B,1
E141.A_D173.A+E141.A_D173.A_N184.B+N184.B+N184.C_N184.D,1
D173.A_N184.B+E141.A_D173.A_N184.B+N184.B+N184.C_N184.D,1
D173.A+D173.A_N184.B_N184.C+E141.A_D173.A_N184.B+E152.D_N184.D,1
D173.A_N184.B+E141.A_D173.A+E141.A_D173.A_N184.B+N184.C_E152.D_N184.D,1
D173.A_N184.B+E152.C_N184.C+N184.B+N184.C_E152.D_N184.D,1
D173.A_N184.B+E152.C_N184.C+E152.C_N184.D+E152.D_N184.D,1
D173.A_E152.C+E141.A_D173.A_N184.B+E152.D_N184.D+N184.C_N184.D,1
E141.A_D173.A+E152.C_N184.C+N184.C_E152.D_N184.D+N184.C_N184.D,1
D173.A_N184.C+E141.A_N184.B+E152.C_N184.C+E152.D_N184.D,1
D173.A_E152.C_N184.C+D173.A_N184.B+E152.C_N184.C+N184.B,1
D173.A_E152.C_N184.C+E152.C_N184.C+E152.D_N184.D+N184.B,1
E141.A_D173.A+E152.B_N184.B_E152.D+E152.C_N184.C+E152.D_N184.D,1
D173.A_E152.C_N184.C+E141.A_D173.A_N184.B+E152.B_N184.B_E152.D+E152.C_N184.C,1
D173.A_E152.C_N184.C+E141.A_D173.A_N184.B+E152.B_N184.B_E152.D+E152.D_N184.D,1
D173.A_E152.C_N184.C+E152.B_N184.B_E152.D+E152.C_N184.C+E152.D_N184.D,1
D173.A_E152.C_N184.C+D173.A_N184.C+E152.B_N184.B+E152.C_N184.C,1
D173.A_E152.C_N184.C+D173.A_N184.C+E152.B_N184.B+E152.D_N184.D,1
D173.A_E152.C_N184.C+D173.A_N184.C+E152.C_N184.C+E152.D_N184.D,1
D173.A_E152.C_N184.C+E152.B_N184.B+E152.C_N184.C+E152.D_N184.D,1
D173.A_E152.C_N184.C+D173.A_N184.B+E141.A_N184.B+E152.C_N184.C,1
D173.A_E152.C_N184.C+D173.A_N184.B+E141.A_N184.B+E152.D_N184.D,1
E141.A_D173.A+E152.C_N184.C+N184.B_E152.D_N184.D+N184.C,1
E141.A_D173.A+E152.D_N184.D+N184.B_E152.D_N184.D+N184.C,1
E152.C_N184.C+E152.D_N184.D+N184.B_E152.D_N184.D+N184.C,1
D173.A_N184.B+E141.A_D173.A+E152.D_N184.D+N184.B_E152.D_N184.D,1
D173.A_N184.B+E152.C_N184.C+E152.D_N184.D+N184.B_E152.D_N184.D,1
E152.C+E152.C_N184.C+E152.D_N184.D+N184.B,1
D173.A_N184.C+E152.C+E152.D_N184.D+N184.C_N184.D,1
D173.A_N184.B+E152.C+E152.D_N184.D+N184.C,1
D173.A_N184.B_N184.C+E141.A_D173.A+E152.C+E152.C_N184.C,1
D173.A_N184.B_N184.C+E152.C+E152.C_N184.C+E152.D_N184.D,1
E141.A_D173.A+E141.A_D173.A_E152.B_N184.B+E152.C_N184.C+E152.D_N184.D,1
E141.A+E141.A_D173.A+E152.C_N184.C+N184.B,1
E141.A+E141.A_D173.A+E152.D_N184.D+N184.B,1
E141.A_D173.A+E141.A_N184.B+E152.C_N184.C+N184.C_E152.D_N184.D,1
E141.A_D173.A+E141.A_D173.A_N184.B+N184.B_N184.C_N184.D+N184.C_E152.D,1
E141.A_D173.A+E141.A_D173.A_N184.B+N184.C_E152.D_N184.D+N184.C_N184.D,1
D173.A+E141.A_D173.A+E152.D+N184.C,1
D173.A_N184.B+E152.C_N184.C+E152.D_N184.D+N184.B_N184.D,1
D173.A_E152.C_N184.C+E141.A_D173.A+E141.A_D173.A_N184.B+E152.D_N184.D,1
D173.A_N184.B_N184.C+E141.A_D173.A+E152.C_N184.C+N184.C,1
D173.A_E152.C_N184.C+E141.A_D173.A_N184.B+E152.C+E152.D_N184.D,1
D173.A_N184.B+D173.A_N184.C+E152.C+E152.D_N184.D,1
D173.A_E152.C+D173.A_N184.B+E152.C_N184.C+E152.D_N184.D,1
E141.A_D173.A+E152.C_N184.C+E152.C_N184.C_E152.D+E152.D_N184.D,1
D173.A_N184.B+E141.A_D173.A_N184.B+E152.C+E152.D_N184.D,1
E141.A_D173.A_N184.B+E152.C+N184.B+N184.C_E152.D_N184.D,1
D173.A_N184.B+E152.C_N184.C+E152.D_N184.D+N184.C_N184.D,1
E141.A_D173.A+E152.C_N184.C+E152.D+N184.B_N184.C_N184.D,1
E141.A_D173.A+E152.B_N184.B+E152.C_N184.C+N184.B_E152.D,1
E141.A_D173.A+E152.B_N184.B+E152.D+N184.B_E152.D,1
E141.A_D173.A+E152.C_N184.C+E152.D+N184.B_E152.D,1
E152.B_N184.B+E152.C_N184.C+E152.D+N184.B_E152.D,1
E141.A_D173.A+E152.D+E152.D_N184.D+N184.B_N184.C,1
E152.C_N184.C+E152.D+E152.D_N184.D+N184.B_N184.C,1
E141.A_D173.A+E152.B_N184.B_E152.D_N184.D+E152.C_N184.C+N184.B,1
E141.A_D173.A+E152.B_N184.B_E152.D_N184.D+E152.D_N184.D+N184.B,1
E152.B_N184.B_E152.D_N184.D+E152.C_N184.C+E152.D_N184.D+N184.B,1
D173.A_N184.C+E141.A_D173.A_N184.B+E152.B_N184.B_E152.D+E152.C_N184.C,1
D173.A_N184.C+E141.A_D173.A_N184.B+E152.B_N184.B_E152.D+E152.D_N184.D,1
D173.A_N184.C+E152.B_N184.B_E152.D+E152.C_N184.C+E152.D_N184.D,1
D173.A_N184.C+E141.A_D173.A+E152.B_N184.B_E152.D+E152.C,1
D173.A_N184.C+E141.A_D173.A+E152.B_N184.B_E152.D+E152.D_N184.D,1
D173.A_N184.C+E152.B_N184.B_E152.D+E152.C+E152.D_N184.D,1
E141.A_D173.A+E152.B_N184.B_E152.D+E152.C+E152.D_N184.D,1
D173.A_N184.B_N184.C+E141.A_D173.A+E152.C+N184.B_E152.D,1
D173.A_N184.B_N184.C+E141.A_D173.A+E152.D_N184.D+N184.B_E152.D,1
D173.A_N184.B_N184.C+E152.C+E152.D_N184.D+N184.B_E152.D,1
E141.A_D173.A+E152.C+E152.D_N184.D+N184.B_E152.D,1
D173.A_N184.C+E141.A_D173.A_N184.B+E152.C_N184.C+N184.B_N184.C_N184.D,1
D173.A_N184.C+E141.A_D173.A_N184.B+E152.D_N184.D+N184.B_N184.C_N184.D,1
D173.A_E152.C+E141.A_D173.A+E152.C_N184.C+N184.B_N184.D,1
D173.A_E152.C+E141.A_D173.A+E152.D_N184.D+N184.B_N184.D,1
D173.A_E152.C+E152.C_N184.C+E152.D_N184.D+N184.B_N184.D,1
D173.A_N184.C+E141.A_D173.A+E152.C_N184.C+N184.B_N184.C_N184.D,1
D173.A+E152.B_N184.B+E152.C_N184.C+E152.D,1
D173.A+E141.A+E152.C_N184.C+N184.C_E152.D_N184.D,1
D173.A_E152.C_N184.C+E141.A+E152.C_N184.C+E152.D_N184.D,1
D173.A_N184.C+E141.A_D173.A+E152.C_N184.C+E152.D,1
D173.A_N184.B+E152.C_N184.C+E152.D+N184.B_N184.C,1
D173.A+D173.A_N184.B+E152.C_N184.C+N184.C,1
E141.A_D173.A+E152.C_N184.C+N184.B_N184.D+N184.C,1
D173.A_N184.C+E141.A_D173.A_N184.B+E152.C_N184.C+E152.D,1
D173.A+E141.A+E152.C_N184.C+E152.D_N184.D,1
E141.A_D173.A+E141.A_D173.A_N184.B+E152.D_N184.D+N184.B_E152.D_N184.D,1
D173.A+E141.A_D173.A+E152.D_N184.D+N184.B_E152.D_N184.D,1
D173.A+E152.C_N184.C+E152.D_N184.D+N184.B_E152.D_N184.D,1
E141.A_D173.A+E152.C+E152.C_N184.C+N184.C_N184.D,1
E152.C+E152.C_N184.C+E152.D_N184.D+N184.C_N184.D,1
D173.A_N184.C+E141.A_D173.A+E152.D+N184.B_N184.D,1
D173.A_N184.B_N184.C+E141.A_D173.A+E152.C+E152.C_N184.C_E152.D,1
E141.A_D173.A+E152.C+N184.B_E152.D+N184.C_N184.D,1
D173.A_N184.B_N184.C+E141.A_D173.A_N184.B+E152.C+N184.B_E152.D_N184.D,1
D173.A_N184.B+E141.A_D173.A+E152.C+N184.C_E152.D_N184.D,1
E141.A_D173.A+E152.C_N184.C+N184.B+N184.B_N184.C_N184.D,1
E141.A_D173.A+E152.C+N184.B_N184.D+N184.C,1
D173.A_N184.C+E141.A_D173.A+E141.A_D173.A_N184.B+E152.D_N184.D,1
E141.A_D173.A+E152.B_N184.B_N184.D+E152.C_N184.C+E152.D,1
E141.A+E141.A_D173.A_N184.B+E152.B_N184.B+E152.C_N184.C,1
E141.A+E141.A_D173.A_N184.B+E152.C_N184.C+E152.D_N184.D,1
E141.A_D173.A+E141.A_D173.A_N184.B+E152.C+E152.C_N184.C,1
E141.A_D173.A+E152.C_N184.C+E152.D+N184.B,1
E141.A_D173.A_N184.B+E152.C_N184.C+E152.D+N184.B,1
D173.A+E141.A_D173.A+E152.C_N184.C+N184.C_N184.D,1
E141.A+E141.A_D173.A+E152.C_N184.C+N184.B_E152.D_N184.D,1
E141.A+E141.A_D173.A+E152.C_N184.C+N184.C_N184.D,1
E141.A+E141.A_D173.A+N184.B_E152.D_N184.D+N184.C_N184.D,1
E141.A+E152.C_N184.C+N184.B_E152.D_N184.D+N184.C_N184.D,1
E141.A_D173.A+E141.A_E152.C+E152.C_N184.C+N184.B_E152.D_N184.D,1
E141.A+E141.A_D173.A+E152.C_N184.C+N184.B_N184.C_N184.D,1
E141.A_D173.A+E152.C_N184.C+E152.D_N184.D+N184.B_E152.C,1
E141.A_D173.A+E152.C_N184.C+N184.B+N184.B_N184.D,1
E152.C_N184.C+E152.D_N184.D+N184.B+N184.B_N184.D,1
D173.A_N184.B_N184.C_N184.D+E141.A_D173.A+E152.C_N184.C+E152.D_N184.D,1
E141.A_D173.A_N184.B+E141.A_D173.A_N184.C+E152.C_N184.C+E152.D_N184.D,1
D173.A_N184.C+E141.A_D173.A+E152.C_N184.C+N184.B_N184.C,1
D173.A_N184.C+E141.A_D173.A+E152.D_N184.D+N184.B_N184.C,1
E141.A+E141.A_D173.A+E152.D_N184.D+N184.D,1
E141.A_D173.A+E152.D_N184.D+N184.C+N184.C_N184.D,1
D173.A_N184.C+E141.A_D173.A_N184.B+E152.D_N184.D+N184.C,1
D173.A+E141.A_D173.A+E152.C+N184.C,1
E141.A_D173.A+E152.C+N184.C+N184.D,1
D173.A_N184.C+E141.A_D173.A+E141.A_D173.A_N184.B+N184.B_N184.C_N184.D,1
D173.A_E152.C_N184.C+D173.A_N184.C+E141.A_D173.A+N184.D,1
D173.A_N184.B+E152.C+N184.B+N184.C_N184.D,1
D173.A_N184.C+E152.C+E152.C_N184.C+E152.D_N184.D,1
D173.A_E152.C_N184.C+E152.C+E152.D_N184.D+N184.C,1
D173.A_E152.C_N184.C+E152.C_N184.C+E152.D_N184.D+N184.C_N184.D,1
D173.A_N184.C+E152.C_N184.C+E152.D_N184.D+N184.C_N184.D,1
E152.C+E152.D_N184.D+N184.C+N184.C_N184.D,1
E141.A_D173.A_N184.B+E152.D_N184.D+N184.B+N184.B_N184.D,1
E141.A_D173.A+E141.A_D173.A_N184.B+E152.D+N184.B_N184.C_N184.D,1
D173.A_N184.B+E141.A_D173.A_N184.B+N184.C+N184.C_N184.D,1
D173.A_N184.B+E141.A_D173.A_N184.B+E152.D+E152.D_N184.D,1
E141.A_D173.A+E152.D+N184.B_N184.D+N184.C_N184.D,1
E141.A_D173.A_N184.B+E152.C+N184.C_E152.D_N184.D+N184.C_N184.D,1
D173.A_N184.C+E141.A_D173.A+E152.D+N184.C,1
E141.A_D173.A_N184.B+E152.D_N184.D+N184.C+N184.C_N184.D,1
D173.A_N184.B_N184.C+E141.A_D173.A_N184.B+E152.D_N184.D+N184.B_N184.D,1
D173.A_N184.C+E141.A_D173.A_N184.B+E152.D_N184.D+N184.B,1
D173.A_E152.B_N184.B+E152.C_N184.C+N184.B_E152.D_N184.D+N184.B_N184.C,1
E141.A_D173.A+E152.B_N184.B_N184.D+E152.C_N184.C+E152.D_N184.D,1
D173.A_N184.C+E152.C_N184.C+N184.B+N184.B_E152.D_N184.D,1
E141.A_D173.A_N184.B+E152.C_N184.C+E152.D_N184.D+N184.D,1
E141.A_D173.A+E141.A_D173.A_N184.B+E152.C_N184.C+N184.B_N184.C_N184.D,1
E141.A_D173.A+E141.A_D173.A_N184.B+E152.C_E152.D+E152.C_N184.C,1
D173.A_N184.B+E141.A_D173.A+E152.C+N184.C,1
D173.A_N184.C+E141.A_D173.A+E152.C+N184.C_N184.D,1
E141.A_D173.A_N184.B+E152.C_N184.C+E152.C_N184.C_N184.D+N184.C_N184.D,1
D173.A_N184.B+D173.A_N184.B_N184.C_N184.D+E141.A_D173.A+E152.C_N184.C,1
D173.A_N184.C+E141.A_D173.A_N184.B+E152.D_N184.D+N184.C_E152.D,1
D173.A_N184.B+E141.A_D173.A+E152.D_N184.D+N184.C_E152.D,1
E141.A_D173.A+E141.A_D173.A_E152.B_N184.B+E152.D_N184.D+N184.C_E152.D,1
D173.A_N184.B+E152.B_N184.B+E152.D_N184.D+N184.C_E152.D_N184.D,1
D173.A_E152.B_N184.B+D173.A_N184.C+E152.D_N184.D+N184.C_E152.D,1
D173.A_E152.B_N184.B+E141.A_D173.A+E152.D_N184.D+N184.C_E152.D_N184.D,1
E141.A_D173.A_E152.C+E141.A_D173.A_N184.B+E152.D_N184.D+N184.C_E152.D,1
E141.A_E152.C+E141.A_N184.B+E152.D_N184.D+N184.C_E152.D,1
E141.A+E141.A_D173.A+E152.D+N184.C_N184.D,1
D173.A_N184.B+E141.A_D173.A_N184.B+E152.D_N184.D+N184.C_N184.D,1
D173.A_N184.B_N184.C+E141.A_D173.A+E152.D_N184.D+N184.C_N184.D,1
D173.A_N184.B+D173.A_N184.C+E141.A_D173.A+E152.D_N184.D,1
D173.A+E141.A_N184.B+E152.D_N184.D+N184.C_N184.D,1
D173.A_E152.C_N184.C+E141.A_D173.A_N184.B+E152.D_N184.D+N184.C_N184.D,1
E141.A_D173.A+E152.C_N184.C+N184.B+N184.C_N184.D,1
D173.A_E152.C_N184.C+E141.A_D173.A+E152.C_N184.C+N184.B,1
E141.A_D173.A+E141.A_D173.A_N184.B+E152.C_N184.C_N184.D+N184.B,1
D173.A_N184.C+E141.A_D173.A_N184.B+E152.C_N184.C+N184.C,1
D173.A_N184.B_N184.C+E141.A_D173.A+E152.C_N184.C+N184.C_N184.D,1
D173.A_N184.C+E141.A_D173.A_N184.B+E152.C_N184.C+N184.C_N184.D,1
D173.A_N184.C+E141.A_D173.A_N184.B+E152.C_N184.C+N184.C_E152.D_N184.D,1
E141.A_D173.A+E152.C+E152.D_N184.D+N184.C_E152.D_N184.D,1
D173.A+E141.A_D173.A+E152.D_N184.D+N184.C_N184.D,1
E141.A_D173.A+E141.A_D173.A_N184.B+E152.C_N184.C_N184.D+E152.D_N184.D,1
D173.A+D173.A_E152.C_N184.C+E141.A_D173.A_N184.B+E152.D_N184.D,1
E141.A_N184.B+E152.C_N184.C+E152.D_N184.D+N184.C,1
D173.A+E141.A_D173.A_N184.B+E152.D_N184.D+N184.C_N184.D,1
E141.A_D173.A_N184.B+E152.B_N184.B+E152.D_N184.D+N184.C_N184.D,1
D173.A_E152.B_N184.B+E141.A_D173.A_N184.C+E152.D_N184.D+N184.C_N184.D,1
D173.A+D173.A_N184.C+E152.C_N184.C+E152.D_N184.D,1
D173.A_N184.C+E141.A_D173.A_N184.B+E152.D_N184.D+N184.C_N184.D,1
E141.A_D173.A_N184.B+E141.A_E152.C+E152.C_N184.C+E152.D_N184.D,1
E152.B_N184.B+E152.C_N184.C+E152.D_N184.D+N184.C_E152.D,1
D173.A_N184.B+E152.C_N184.C+E152.D+E152.D_N184.D,1
E141.A_D173.A+E152.C+E152.D+N184.B_N184.C_N184.D,1
E141.A_D173.A+E152.B_N184.B_N184.D+E152.C_N184.C+N184.B_N184.C_N184.D,1
E141.A_D173.A+E152.C+E152.C_N184.C_N184.D+N184.C,1
E141.A_D173.A+E152.C+E152.C_N184.C_N184.D+N184.B,1
E141.A_D173.A+E152.C+N184.B+N184.C_N184.D,1
E141.A_D173.A+E152.C_N184.C+N184.B_N184.D+N184.C_N184.D,1
D173.A_N184.B+D173.A_N184.C+E152.B_N184.B+E152.D_N184.D,1
D173.A_N184.B+E152.B_N184.B_N184.D+N184.B+N184.C_N184.D,1
D173.A_N184.B+D173.A_N184.C+E152.B_N184.D+E152.D_N184.D,1
E152.B_N184.B+E152.B_N184.B_N184.D+E152.D_N184.D+N184.B,1
E141.A_D173.A+E152.B_N184.D+E152.C_N184.C+N184.B,1
D173.A_N184.B+E152.B_E152.D_N184.D+E152.C_N184.C+E152.D_N184.D,1
E141.A_D173.A+E152.B+E152.B_N184.B+E152.D_N184.D,1
E152.B_N184.B+E152.B_N184.D+E152.C_N184.C+E152.D_N184.D,1
E152.B_N184.B+E152.B_N184.B_N184.D+E152.C+E152.D_N184.D,1
E152.B_N184.B_N184.D+E152.C+E152.D_N184.D+N184.B_N184.C_N184.D,1
D173.A_N184.B+E141.A+E152.C_N184.C+E152.D_N184.D,1
E141.A_D173.A+E152.B_N184.B+E152.C_N184.C+N184.D,1
E141.A_D173.A+E152.B_N184.B+E152.C+E152.C_N184.C,1
E152.B_N184.B+E152.C+E152.C_N184.C+E152.D_N184.D,1
E141.A_D173.A+E141.A_E152.C+E152.B_N184.B+N184.C_N184.D,1
E141.A_D173.A+E141.A_E152.C+E152.D_N184.D+N184.C_N184.D,1
E141.A_E152.C+E152.B_N184.B+E152.D_N184.D+N184.C_N184.D,1
E141.A_D173.A+E152.B+E152.C+N184.B_N184.D,1
E141.A_D173.A+E152.C+E152.D_N184.D+N184.B_N184.D,1
E152.B+E152.C+E152.D_N184.D+N184.B_N184.D,1
E141.A_D173.A+E152.B+E152.C_N184.C+N184.B_N184.D,1
E152.B+E152.C_N184.C+E152.D_N184.D+N184.B_N184.D,1
E141.A_D173.A+E152.B_N184.B+E152.C+N184.C,1
E141.A_D173.A+E152.B_N184.B+E152.C+N184.B_N184.C_N184.D,1
E152.B_N184.B+E152.C+E152.D_N184.D+N184.B_N184.C_N184.D,1
E141.A_D173.A+E152.B_N184.B+E152.C_N184.C+N184.C,1
D173.A+E141.A+E152.C+E152.D_N184.D,1
E141.A_D173.A+E152.B_N184.B_N184.D+E152.C_N184.C+N184.C_N184.D,1
D173.A_N184.C+E141.A_D173.A+E152.B_N184.B_N184.D+E152.C_N184.C,1
D173.A+D173.A_N184.B+E152.B_N184.B_N184.D+E152.C,1
D173.A_N184.B+E141.A_D173.A_N184.B+E152.D_N184.D+N184.B_N184.D,1
D173.A_N184.B+E141.A_D173.A+E152.B_N184.B_N184.D+E152.D_N184.D,1
D173.A+E141.A_D173.A+E152.B+E152.D_N184.D,1
D173.A_N184.C+E152.B_N184.B+E152.D_N184.D+N184.B,1
D173.A_N184.C+E152.B_N184.B_N184.D+E152.C+E152.D_N184.D,1
D173.A_N184.C+E141.A_D173.A_N184.B+E152.B_N184.B+E152.D_N184.D,1
D173.A_N184.B+E141.A+E152.B_N184.B+E152.D_N184.D,1
D173.A_N184.B_N184.C+E152.B_N184.B+E152.D_N184.D+N184.B,1
E141.A+E152.B_N184.B+E152.C_N184.C+N184.C,1
E141.A+E152.C_N184.C+E152.D_N184.D+N184.C,1
E141.A_D173.A+E152.B_N184.B+E152.C+N184.B,1
E141.A_D173.A+E152.B_N184.B+E152.C_N184.C+N184.B_N184.D,1
E152.B_N184.B+E152.C_N184.C+E152.D_N184.D+N184.B_N184.D,1
E141.A+E141.A_D173.A+E152.B_N184.B+E152.D_N184.D,1
D173.A_N184.B+E152.B+E152.C_N184.C+E152.D_N184.D,1
D173.A_E152.B_N184.B+E141.A_D173.A+E152.C_N184.C+E152.D_N184.D,1
D173.A_E152.C+D173.A_N184.B_N184.C+E152.B_N184.B_N184.D+E152.D_N184.D,1
D173.A_E152.C_N184.C+D173.A_N184.B+E152.D_N184.D+N184.C,1
D173.A_E152.C_N184.C+D173.A_N184.B+D173.A_N184.C+E152.D_N184.D,1
D173.A+D173.A_N184.B+E152.D_N184.D+N184.B_N184.D,1
D173.A_E152.C+E141.A_D173.A+E152.B+E152.D_N184.D,1
D173.A_E152.C+E141.A_D173.A+E152.D_N184.D+N184.B,1
D173.A_E152.C_N184.C+D173.A_N184.B+E141.A_D173.A+E152.D_N184.D,1
E141.A_D173.A_N184.B+E152.B_N184.B+E152.D_N184.D+N184.C,1
E141.A+E141.A_D173.A+E152.D_N184.D+N184.B_N184.D,1
E141.A_D173.A+E152.B_N184.B_N184.D+E152.D_N184.D+N184.B_N184.C_N184.D,1
E141.A_D173.A+E141.A_E152.B+E152.C_N184.C+E152.D_N184.D,1
D173.A_N184.B+E152.B_N184.B+E152.D_N184.D+N184.C_N184.D,1
E141.A_D173.A_N184.B+E152.B_N184.B+E152.D_N184.D+N184.D,1
E141.A_D173.A+E141.A_N184.C+E152.B_N184.B+E152.D_N184.D,1
D173.A+E141.A_E152.C+E152.B_N184.B+E152.D_N184.D,1
E152.B_N184.B+E152.D_N184.D+N184.B+N184.C,1
D173.A_N184.C+E141.A_D173.A_N184.B+E152.D_N184.D+N184.B_N184.D,1
D173.A+E152.B_N184.B+E152.D_N184.D+N184.B_N184.C,1
E141.A_D173.A_N184.C+E152.B_N184.B+E152.C_N184.C+E152.D_N184.D,1
E152.B_N184.B+E152.C+E152.D_N184.D+N184.C_N184.D,1
E152.B_N184.B+E152.C_N184.C+E152.C_N184.C_N184.D+E152.D_N184.D,1
D173.A_N184.C+E152.C+E152.C_N184.C_N184.D+E152.D_N184.D,1
E141.A_D173.A+E152.B+E152.D_N184.D+N184.B,1
E141.A+E141.A_D173.A+E152.D_N184.D+N184.C,1
E141.A_D173.A+E141.A_D173.A_N184.B+E152.D_N184.D+N184.B_N184.C_N184.D,1
D173.A_N184.C+E141.A_D173.A+E152.D_N184.D+N184.C_N184.D,1
E141.A_D173.A+E141.A_D173.A_N184.C+E152.D_N184.D+N184.D,1
E141.A+E141.A_D173.A+E152.B_N184.B_N184.D+E152.D_N184.D,1
D173.A_N184.B+E141.A_D173.A+E152.B_N184.D+E152.C,1
D173.A_N184.B+E141.A_D173.A+E152.D_N184.D+N184.B_N184.D,1
D173.A_N184.B+E141.A_D173.A+E141.A_D173.A_N184.B+E152.D_N184.D,1
E141.A_D173.A+E141.A_D173.A_N184.B+E152.D_N184.D+N184.D,1
E141.A_D173.A+E152.C_N184.C+E152.D_N184.D,1373
E141.A_D173.A_N184.B+E152.C_N184.C+E152.D_N184.D,523
E141.A_D173.A+E152.B_N184.B+E152.D_N184.D,494
E152.B_N184.B+E152.C_N184.C+E152.D_N184.D,305
E141.A_D173.A+E152.D_N184.D+N184.B,198
E141.A_D173.A+E152.D_N184.D+N184.C,193
E141.A_D173.A+E141.A_D173.A_N184.B+E152.D_N184.D,189
D173.A_N184.B+E152.C_N184.C+E152.D_N184.D,176
E152.C_N184.C+E152.D_N184.D+N184.B,165
E141.A_D173.A+E152.C+E152.D_N184.D,165
D173.A_N184.B+E141.A_D173.A+E152.D_N184.D,158
E141.A_D173.A+E141.A_D173.A_N184.B+E152.C_N184.C,138
E141.A_D173.A+E152.B_N184.B+E152.C_N184.C,138
E141.A_D173.A+E152.C_N184.C+N184.B,126
D173.A_N184.B+E141.A_D173.A+E152.C_N184.C,123
D173.A_N184.C+E141.A_D173.A+E152.D_N184.D,122
E152.C_N184.C+E152.D_N184.D+N184.C,122
D173.A_N184.C+E152.C_N184.C+E152.D_N184.D,120
E141.A_D173.A+E152.D_N184.D+N184.C_N184.D,101
E141.A_D173.A+E152.C_N184.C+N184.C,92
E152.B_N184.B+E152.D_N184.D+N184.C,80
D173.A+E152.C_N184.C+E152.D_N184.D,69
D173.A_N184.C+E141.A_D173.A+E152.C_N184.C,68
D173.A+E141.A_D173.A+E152.D_N184.D,68
E141.A_D173.A+E152.C_N184.C+N184.C_N184.D,68
E141.A_D173.A_N184.B+E152.C+E152.D_N184.D,63
E152.B_N184.B+E152.C+E152.D_N184.D,62
D173.A_N184.B+E152.B_N184.B+E152.D_N184.D,56
E141.A_D173.A_N184.B+E152.D_N184.D+N184.C,55
E152.C_N184.C+E152.D_N184.D+N184.C_N184.D,55
E141.A_D173.A_N184.B+E152.C_N184.C+N184.B,54
E152.B_N184.B+E152.D_N184.D+N184.B,54
E141.A_D173.A+E152.B+E152.C_N184.C,49
D173.A_N184.C+E141.A_D173.A_N184.B+E152.D_N184.D,45
D173.A_N184.B_N184.C+E152.C_N184.C+E152.D_N184.D,42
D173.A+E141.A_D173.A+E152.C_N184.C,41
E152.C+E152.C_N184.C+E152.D_N184.D,40
E141.A_D173.A+E152.D_N184.D+N184.B_N184.D,39
D173.A_N184.B_N184.C+E141.A_D173.A+E152.D_N184.D,38
E141.A_D173.A+E152.C_N184.C+N184.B_N184.D,37
E141.A_D173.A+E152.D_N184.D+N184.D,37
D173.A_N184.C+E152.B_N184.B+E152.D_N184.D,36
E141.A_D173.A+E152.B_N184.B+N184.C,36
D173.A+E152.B_N184.B+E152.D_N184.D,36
E141.A_D173.A_N184.B+E152.D_N184.D+N184.C_N184.D,35
D173.A_N184.B_N184.C+E141.A_D173.A+E152.C_N184.C,35
E141.A_D173.A_N184.B+E152.D_N184.D+N184.B,35
E141.A_D173.A_N184.B+E152.B_N184.B+E152.D_N184.D,35
D173.A_N184.C+E141.A_D173.A_N184.B+E152.C_N184.C,34
E141.A+E152.C_N184.C+E152.D_N184.D,34
E152.B_N184.B+E152.D_N184.D+N184.C_N184.D,34
E152.C+E152.D_N184.D+N184.C,33
E141.A_D173.A_N184.B+E152.C_N184.C+N184.C_N184.D,32
D173.A_N184.B+E141.A_D173.A_N184.B+E152.D_N184.D,31
E141.A_D173.A+E152.C_N184.C+N184.B_E152.D_N184.D,27
D173.A_N184.B+E152.C+E152.D_N184.D,27
E141.A_D173.A+E152.B_N184.B+N184.C_N184.D,27
E141.A_N184.B+E152.C_N184.C+E152.D_N184.D,26
D173.A_N184.B+E141.A_D173.A_N184.B+E152.C_N184.C,25
E141.A_D173.A+E152.C+E152.C_N184.C,25
E141.A_D173.A+E152.D_N184.D+N184.B_N184.C_N184.D,25
E152.C_N184.C+E152.D_N184.D+N184.B_N184.D,25
E152.C_N184.C+E152.D_N184.D+N184.B_N184.C,24
E141.A_D173.A+E152.C_N184.C+E152.D,24
E141.A_D173.A+E152.B_N184.B_N184.D+E152.C_N184.C,24
E141.A_D173.A+E152.B_N184.B+E152.C,24
E141.A_D173.A_N184.B+E152.C_N184.C+N184.C,23
D173.A+E141.A_D173.A_N184.B+E152.D_N184.D,23
E141.A_D173.A+E152.C_N184.C+N184.B_N184.C_N184.D,23
E141.A_D173.A+E152.D_N184.D+N184.B_N184.C,23
E152.C+E152.D_N184.D+N184.B,23
E141.A_D173.A+E152.C_N184.C+N184.C_E152.D_N184.D,22
E141.A_D173.A+E152.B_N184.B+E152.B_N184.B_N184.D,22
D173.A_N184.B+E152.D_N184.D+N184.C,21
E141.A_D173.A+E141.A_D173.A_N184.B+N184.C_N184.D,20
E141.A_D173.A+E152.B_N184.B+N184.B,20
E141.A_D173.A+E152.B_N184.B_N184.D+E152.D_N184.D,19
E152.C_N184.C+E152.D_N184.D+N184.B_N184.C_N184.D,18
E141.A_D173.A+E152.C+N184.B,18
D173.A_N184.C+E152.C+E152.D_N184.D,18
D173.A_N184.B+E141.A_D173.A+E152.B_N184.B,18
D173.A_N184.B_N184.C+E141.A_D173.A_N184.B+E152.D_N184.D,17
D173.A_N184.B+D173.A_N184.C+E152.D_N184.D,17
E141.A_D173.A+E152.B_N184.D+E152.C_N184.C,17
E141.A_D173.A+E152.B+E152.D_N184.D,17
D173.A_N184.B_N184.C+E141.A_D173.A_N184.B+E152.C_N184.C,16
D173.A_E152.C_N184.C+E152.C_N184.C+E152.D_N184.D,16
E152.C_N184.C+E152.D_N184.D+N184.D,16
E141.A_D173.A+E152.C+N184.C,16
E141.A+E141.A_D173.A+E152.D_N184.D,15
E141.A+E152.B_N184.B+E152.D_N184.D,15
E152.B_N184.B+E152.D_N184.D+N184.D,15
E141.A_D173.A+E141.A_D173.A_N184.B+N184.C,14
D173.A_N184.B+E141.A_D173.A+E152.C,14
E141.A_D173.A+E152.B_N184.B+E152.B_N184.D,14
E141.A_D173.A+E141.A_D173.A_N184.B+N184.C_E152.D_N184.D,13
D173.A+E141.A_D173.A_N184.B+E152.C_N184.C,13
D173.A+E152.D_N184.D+N184.C,13
E141.A_D173.A+E152.C_N184.C+N184.D,13
E141.A_D173.A+E152.C_N184.C+N184.B_N184.C,13
D173.A_N184.C+E152.D_N184.D+N184.B,13
E152.B_N184.B_N184.D+E152.C_N184.C+E152.D_N184.D,13
E152.B_N184.B+E152.C_N184.C+N184.B,13
E141.A_D173.A_N184.B+E152.C_N184.C+N184.B_N184.C_N184.D,12
D173.A_E152.C+E152.C_N184.C+E152.D_N184.D,12
E152.C+E152.D_N184.D+N184.C_N184.D,12
D173.A_N184.C+E141.A_D173.A+E152.B_N184.B,12
E141.A_D173.A+E152.C+N184.C_N184.D,12
E152.B_N184.B+E152.C_N184.C+N184.C,12
E141.A_D173.A+E152.B_N184.B+N184.D,12
D173.A_N184.B+E141.A_D173.A+N184.C,11
D173.A_N184.C+E141.A_D173.A+N184.B,11
E141.A_D173.A+E141.A_D173.A_N184.B+N184.B,11
E141.A_D173.A_N184.B+E152.B_N184.B+E152.C_N184.C,11
E141.A_D173.A_N184.B+E152.C_N184.C+E152.D,11
E152.C_N184.C+E152.D_N184.D+N184.B_E152.D,11
D173.A_E152.C_N184.C+E141.A_D173.A+E152.D_N184.D,11
E141.A_D173.A_N184.B+E152.D_N184.D+N184.B_N184.D,11
E141.A_D173.A_N184.B+E152.D_N184.D+N184.B_N184.C_N184.D,11
D173.A_N184.C+E141.A_D173.A+E152.C,11
D173.A_N184.B+E152.B_N184.B+E152.C_N184.C,11
D173.A+E152.C+E152.D_N184.D,11
E141.A_D173.A+E152.B+E152.C,11
D173.A+E141.A_D173.A+E152.B_N184.B,11
E152.B+E152.C_N184.C+E152.D_N184.D,11
D173.A_N184.B+E141.A_D173.A+N184.C_E152.D_N184.D,10
E141.A_D173.A_N184.B+E152.C_N184.C+N184.C_E152.D_N184.D,10
E141.A_D173.A+E152.C_N184.C+N184.B_E152.D,10
E141.A_D173.A+E152.D_N184.D+N184.B_E152.D,10
D173.A_E152.C_N184.C+E141.A_D173.A_N184.B+E152.D_N184.D,10
E152.C_N184.C+E152.D_N184.D+N184.B_E152.D_N184.D,10
E141.A+E141.A_D173.A+E152.C_N184.C,10
D173.A_E152.C+D173.A_N184.B+E152.D_N184.D,10
D173.A_N184.B+E152.C_N184.C+N184.C_N184.D,10
D173.A_N184.B+E152.D_N184.D+N184.C_N184.D,10
D173.A+E152.D_N184.D+N184.B,10
E141.A_D173.A+E141.A_D173.A_N184.B+E152.B_N184.B,10
E152.B_N184.B+E152.C_N184.C+N184.C_N184.D,10
E141.A_D173.A_N184.B+E152.C_N184.C+N184.B_N184.C,9
E141.A_D173.A_N184.B+N184.B+N184.C,9
D173.A_N184.C+E152.B_N184.B+E152.C_N184.C,9
E141.A_D173.A+E152.D_N184.D+N184.B_E152.D_N184.D,9
D173.A_N184.B_N184.C+E141.A_D173.A+E152.C,9
E141.A_D173.A+E141.A_N184.B+E152.D_N184.D,9
E152.D_N184.D+N184.B+N184.C,9
D173.A_N184.C+E152.D_N184.D+N184.C,9
D173.A_N184.B+E152.C_N184.C+N184.C,9
D173.A_N184.B+E141.A_D173.A+N184.C_N184.D,9
E141.A_D173.A+E152.B_E152.D_N184.D+E152.C_N184.C,9
E152.B_N184.B+E152.B_N184.B_N184.D+E152.D_N184.D,9
D173.A_N184.B_N184.C+E152.B_N184.B+E152.D_N184.D,9
E152.B_N184.B+E152.D_N184.D+N184.B_N184.C,9
E141.A_D173.A_N184.B+E152.C+E152.C_N184.C,8
E141.A_D173.A_N184.B+E152.C_N184.C+N184.B_N184.D,8
D173.A_E152.C+E141.A_D173.A+E152.D_N184.D,8
D173.A_E152.C_N184.C+E141.A_D173.A+E152.C_N184.C,8
D173.A_N184.B+E152.D_N184.D+N184.B,8
D173.A_N184.C+E152.C_N184.C+N184.B,8
E141.A_D173.A+E152.D_N184.D+N184.C_E152.D_N184.D,8
E141.A_D173.A+N184.B+N184.C,8
E141.A_D173.A+E141.A_D173.A_N184.B+E152.C,8
E141.A_D173.A+E141.A_D173.A_N184.B+E152.D,8
E141.A_D173.A_N184.B+E152.C+N184.C,8
E141.A_D173.A_N184.B+E152.D_N184.D+N184.B_N184.C,8
E141.A_D173.A+E152.B_N184.B_N184.D+E152.C,8
E141.A_D173.A+E152.B_N184.B+N184.B_N184.D,8
D173.A_N184.C+E141.A_D173.A+N184.C,7
E141.A_D173.A_N184.B+E152.D_N184.D+N184.B_E152.D,7
E152.C_N184.C+E152.D+E152.D_N184.D,7
D173.A_N184.C+E152.D_N184.D+N184.C_N184.D,7
D173.A_N184.B_N184.C+E152.C+E152.D_N184.D,7
D173.A+E141.A_D173.A+N184.C,7
D173.A+E141.A_D173.A+E152.C,7
E141.A_D173.A_N184.B+E152.D+E152.D_N184.D,7
E141.A_D173.A+N184.B_N184.C+N184.C_E152.D_N184.D,6
D173.A_N184.B_N184.C+E141.A_D173.A_N184.B+N184.B,6
D173.A_N184.C+E141.A_D173.A_N184.B+N184.B,6
D173.A_N184.B+E152.C_N184.C+N184.B,6
D173.A_E152.C+E141.A_D173.A_N184.B+E152.D_N184.D,6
E141.A_N184.B+E152.D_N184.D+N184.B,6
D173.A_E152.C_N184.C+D173.A_N184.B+E152.D_N184.D,6
D173.A_N184.B+E152.C_N184.C+E152.D,6
E141.A+E152.D_N184.D+N184.B_N184.D,6
E141.A+E152.B_N184.B+E152.C_N184.C,6
D173.A+D173.A_N184.B+E152.D_N184.D,6
E141.A_D173.A+E152.C_N184.C+E152.C_N184.C_N184.D,6
E152.C_N184.C+E152.C_N184.C_N184.D+E152.D_N184.D,6
E141.A_D173.A+E152.B_N184.D+E152.C,6
E141.A_D173.A+E152.B_N184.D+E152.D_N184.D,6
D173.A_N184.B+E152.B_N184.B+N184.C,6
D173.A_N184.B_N184.C+E141.A_D173.A+N184.C_E152.D_N184.D,5
D173.A_N184.B+E141.A_D173.A_N184.B+N184.B,5
E141.A_D173.A+N184.B+N184.C_N184.D,5
E141.A_D173.A_N184.B+E152.C+N184.B,5
D173.A_N184.B+E141.A_D173.A_N184.B+N184.C_N184.D,5
E141.A_D173.A_N184.B+E152.C_N184.C+N184.B_E152.D,5
E141.A_D173.A_N184.B+E152.C_N184.C+N184.B_E152.D_N184.D,5
E141.A_D173.A+E152.D+E152.D_N184.D,5
D173.A_N184.B+D173.A_N184.C+E152.C_N184.C,5
E141.A+E152.D_N184.D+N184.B,5
D173.A+E152.C_N184.C+N184.C,5
E141.A_D173.A+E141.A_N184.B+E152.C_N184.C,5
E141.A_D173.A+E141.A_D173.A_N184.B+N184.B_N184.C_N184.D,5
D173.A_N184.B+E141.A_D173.A+E152.D,5
D173.A_N184.C+E141.A_D173.A+E152.D,5
E141.A_D173.A+E141.A_D173.A_N184.B+N184.B_E152.D_N184.D,5
E141.A_D173.A+E152.C+N184.B_N184.D,5
E141.A_D173.A_N184.B+E152.C+N184.C_N184.D,5
D173.A_N184.B+E141.A_D173.A_N184.B+N184.C,5
E141.A_D173.A_N184.B+E152.D_N184.D+N184.D,5
E141.A_D173.A+E152.D_N184.D+N184.C_E152.D,5
D173.A+E152.D_N184.D+N184.C_N184.D,5
E141.A_D173.A+E141.A_D173.A_N184.B+N184.B_N184.D,5
E141.A_D173.A+E152.C_N184.C_N184.D+E152.D_N184.D,5
E141.A+E152.C+E152.D_N184.D,5
E152.B_N184.D+E152.C_N184.C+E152.D_N184.D,5
E152.B_N184.B_N184.D+E152.C+E152.D_N184.D,5
E152.B_N184.B+E152.D_N184.D+N184.B_N184.D,5
E152.B_N184.B+E152.B_N184.B_N184.D+E152.C_N184.C,5
E152.B_N184.B+E152.C+N184.C,5
E141.A_D173.A+N184.B+N184.C_E152.D_N184.D,4
D173.A_N184.B_N184.C+E141.A_D173.A_N184.B+N184.C,4
D173.A_N184.B+D173.A_N184.C+E141.A_D173.A,4
D173.A+E141.A_D173.A_N184.B+N184.C_N184.D,4
D173.A_N184.C+E141.A_D173.A_N184.B+N184.C_N184.D,4
D173.A_E152.C+E141.A_D173.A_N184.B+E152.C_N184.C,4
E152.C_N184.C+N184.B+N184.C_E152.D_N184.D,4
D173.A_E152.C_N184.C+E141.A_D173.A_N184.B+E152.C_N184.C,4
E141.A_N184.B+E152.C_N184.C+N184.B,4
D173.A_N184.B+E141.A_D173.A+N184.B_E152.D_N184.D,4
D173.A_N184.B+E152.C_N184.C+N184.B_E152.D_N184.D,4
E141.A_D173.A_N184.B+E152.D_N184.D+N184.C_E152.D_N184.D,4
D173.A_N184.B+E141.A_D173.A+N184.B_N184.C_N184.D,4
D173.A_N184.B+E152.D_N184.D+N184.B_N184.D,4
D173.A_N184.C+E152.D_N184.D+N184.B_N184.C,4
E152.B_N184.B+E152.C_N184.C+E152.D,4
E141.A_D173.A+E152.D+N184.B_N184.C,4
D173.A+E152.B_N184.B+E152.C_N184.C,4
D173.A_N184.C+E152.C_N184.C+N184.C,4
E141.A_D173.A+E141.A_D173.A_N184.C+E152.D_N184.D,4
D173.A_N184.B+E141.A_D173.A+N184.C_E152.D,4
E141.A_D173.A+E152.C+N184.D,4
D173.A_N184.C+E141.A_D173.A_N184.B+E152.C,4
E141.A_D173.A_N184.B+E152.D_N184.D+N184.C_E152.D,4
D173.A_N184.B_N184.C+E141.A_D173.A+N184.C_N184.D,4
E141.A_D173.A+E152.C_N184.C_N184.D+N184.B,4
E141.A_D173.A+E141.A_E152.C+E152.D_N184.D,4
E141.A_D173.A+E152.C+E152.C_N184.C_N184.D,4
E152.B_N184.B+E152.C+N184.B,4
E141.A_D173.A+E152.B_E152.D+E152.C_N184.C,4
D173.A+E152.B_N184.B+N184.C,4
E152.B_N184.B+E152.C_N184.C+N184.D,4
E141.A_E152.C+E152.B_N184.B+E152.D_N184.D,4
E152.B_N184.B+E152.D_N184.D+N184.B_N184.C_N184.D,4
D173.A+E152.B_N184.B+E152.C,4
E141.A+E152.D_N184.D+N184.C,4
D173.A_N184.B_N184.C+E141.A_D173.A+N184.B_N184.C_E152.D_N184.D,3
D173.A_N184.B_N184.C+E141.A_D173.A_N184.B+N184.B_E152.D_N184.D,3
D173.A_N184.B_N184.C+E141.A_D173.A_N184.B+N184.B_N184.C,3
D173.A_N184.B_N184.C+E141.A_D173.A_N184.B+N184.C_N184.D,3
D173.A_N184.C+E141.A_D173.A_N184.B+N184.C,3
E141.A_D173.A_N184.B+E152.B_N184.B+N184.C,3
E152.C+E152.C_N184.C+N184.B,3
E141.A_D173.A_N184.B+N184.B+N184.C_N184.D,3
D173.A_N184.B+N184.B+N184.C_N184.D,3
D173.A+E141.A_D173.A_N184.B+N184.C,3
D173.A_N184.B+E152.C_N184.C+N184.C_E152.D_N184.D,3
E141.A_D173.A+N184.C_E152.D_N184.D+N184.C_N184.D,3
D173.A_E152.C_N184.C+D173.A_N184.B+E152.C_N184.C,3
E152.B_N184.B_E152.D+E152.C_N184.C+E152.D_N184.D,3
D173.A_E152.C_N184.C+E152.B_N184.B+E152.D_N184.D,3
E152.C_N184.C+E152.D_N184.D+N184.C_E152.D_N184.D,3
E141.A_D173.A+E141.A_D173.A_N184.B+N184.B_E152.D,3
D173.A_N184.B+E152.C_N184.C+N184.B_N184.C_N184.D,3
D173.A_N184.B+E152.D_N184.D+N184.B_N184.C_N184.D,3
E141.A+E152.C_N184.C+N184.B,3
E141.A_D173.A+E141.A_D173.A_N184.B+N184.C_E152.D,3
D173.A_N184.C+E152.C_N184.C+E152.D,3
D173.A_E152.C+E141.A_N184.B+E152.C_N184.C,3
D173.A_E152.C_N184.C+E141.A+E152.D_N184.D,3
D173.A_N184.B+D173.A_N184.C+E152.C,3
D173.A_N184.B+E141.A_D173.A_N184.B+E152.C,3
E141.A_D173.A+E152.D+N184.B_N184.C_N184.D,3
E141.A_D173.A+E152.B_N184.B+E152.D,3
E152.C_N184.C+E152.D+N184.B_N184.C,3
E152.C+E152.D_N184.D+N184.B_E152.D,3
D173.A_N184.C+E152.D_N184.D+N184.B_N184.C_N184.D,3
D173.A_N184.C+E141.A_D173.A+N184.B_N184.C_N184.D,3
D173.A_N184.B+E152.C_N184.C+N184.B_N184.C,3
D173.A+D173.A_N184.B+E152.C_N184.C,3
D173.A_N184.C+E141.A_D173.A_N184.B+E152.D,3
D173.A+E141.A_D173.A+N184.B,3
D173.A_N184.B+E141.A+E152.D_N184.D,3
D173.A_N184.C+E141.A_D173.A+N184.C_N184.D,3
E141.A_D173.A+N184.B_E152.D_N184.D+N184.C_N184.D,3
D173.A_N184.B+E141.A_D173.A+N184.B,3
E141.A_D173.A+E152.D+N184.C_N184.D,3
E141.A_D173.A+E152.C+N184.C_E152.D_N184.D,3
E152.D_N184.D+N184.B+N184.B_N184.D,3
D173.A_N184.B_N184.C_N184.D+E141.A_D173.A+E152.C_N184.C,3
E141.A_D173.A_N184.C+E152.C_N184.C+E152.D_N184.D,3
E152.D_N184.D+N184.C+N184.C_N184.D,3
D173.A_N184.C+E141.A_D173.A+N184.D,3
D173.A_N184.B+E152.C+E152.C_N184.C,3
D173.A_N184.B_N184.C+E152.D_N184.D+N184.C_N184.D,3
E141.A_D173.A+N184.B_N184.D+N184.C_N184.D,3
D173.A_N184.B+D173.A_N184.B_N184.C+E152.D_N184.D,3
D173.A_N184.C+E141.A_D173.A_N184.B+N184.C_E152.D_N184.D,3
E141.A_D173.A+E152.C+N184.B_N184.C_N184.D,3
E152.C+E152.D_N184.D+N184.B_N184.C_N184.D,3
E141.A_N184.B+E152.D_N184.D+N184.C,3
D173.A_N184.C+E141.A+E152.D_N184.D,3
E141.A_D173.A+E152.C+E152.D,3
E141.A_D173.A_N184.B+E152.B+E152.C,3
D173.A_E152.B_N184.B+E152.C_N184.C+E152.D_N184.D,3
E141.A_D173.A+E152.B_N184.B_N184.D+N184.B_N184.C_N184.D,3
D173.A_N184.C+E152.B_N184.B_N184.D+E152.C_N184.C,3
E141.A_D173.A+E152.B_N184.B+E152.C_N184.C_N184.D,3
E141.A_D173.A+E152.B+E152.B_N184.B_N184.D,3
D173.A_N184.B+E152.B_N184.D+E152.D_N184.D,3
E152.B_N184.D+E152.C+E152.D_N184.D,3
E152.B+E152.C+E152.D_N184.D,3
E152.B_N184.B+E152.B_N184.D+E152.C_N184.C,3
E141.A_D173.A+E152.B_N184.B+N184.B_N184.C_N184.D,3
E152.C+E152.D_N184.D+N184.D,3
D173.A+D173.A_E152.C+D173.A_N184.B,3
D173.A+D173.A_E152.C+E152.D_N184.D,3
D173.A_E152.C+D173.A_N184.B+D173.A_N184.C,3
D173.A_E152.C+D173.A_N184.C+E152.D_N184.D,3
E141.A_D173.A+E141.A_D173.A_N184.B+N184.D,3
D173.A_N184.C+E152.B_N184.B+N184.C,3
E141.A_D173.A+E152.B_N184.B+N184.B_N184.C,3
E141.A_D173.A+N184.B_N184.C+N184.C,2
E141.A_D173.A+E141.A_D173.A_N184.B_N184.C+N184.C_E152.D,2
E141.A_D173.A_N184.B+N184.B_N184.C+N184.C_E152.D_N184.D,2
D173.A_N184.C+E141.A_D173.A_N184.B+N184.B_N184.C,2
D173.A_N184.C+E141.A_D173.A+N184.B_N184.C,2
D173.A_N184.B_N184.C+D173.A_N184.C+E141.A_D173.A_N184.B,2
D173.A_N184.B_N184.C+D173.A_N184.C+N184.B,2
D173.A_E152.C_N184.C+E141.A_D173.A+N184.B,2
D173.A_N184.B_N184.C+E141.A_D173.A_N184.B+N184.B_N184.D,2
E141.A_D173.A_N184.B+E141.A_E152.B_N184.B+E152.C_N184.C,2
E141.A_D173.A_N184.B+E141.A_E152.B_N184.B+N184.C_E152.D_N184.D,2
E141.A_D173.A+E141.A_N184.B+N184.C_E152.D_N184.D,2
D173.A_N184.B+E141.A_D173.A_N184.B+N184.C_E152.D_N184.D,2
D173.A_N184.B+E141.A_D173.A+E141.A_D173.A_N184.B,2
E141.A_D173.A_N184.B+E152.C_N184.C+N184.D,2
D173.A_N184.C+E141.A_N184.B+E152.C_N184.C,2
E141.A_D173.A_N184.B+E152.D_N184.D+N184.B_E152.D_N184.D,2
D173.A_E152.C_N184.C+D173.A_N184.B+N184.B,2
D173.A_E152.C_N184.C+E152.C_N184.C+N184.B,2
D173.A_E152.C_N184.C+E152.D_N184.D+N184.B,2
E141.A_D173.A+E152.B_N184.B_E152.D+E152.D_N184.D,2
E141.A_D173.A_N184.B+E152.B_N184.B_E152.D+E152.C_N184.C,2
E141.A_D173.A_N184.B+E152.B_N184.B_E152.D+E152.D_N184.D,2
D173.A_E152.C_N184.C+D173.A_N184.C+E152.D_N184.D,2
D173.A_E152.C_N184.C+E141.A_N184.B+E152.C_N184.C,2
D173.A_E152.C_N184.C+E141.A_N184.B+E152.D_N184.D,2
D173.A_N184.B+E141.A_N184.B+E152.C_N184.C,2
D173.A_N184.B+E141.A_N184.B+E152.D_N184.D,2
D173.A_N184.C+E152.C+N184.C_N184.D,2
D173.A_N184.B+E152.C+N184.C,2
E141.A_D173.A+E141.A_D173.A_E152.B_N184.B+E152.D_N184.D,2
E141.A_D173.A_N184.B+N184.C_E152.D_N184.D+N184.C_N184.D,2
E141.A_D173.A+E152.D+N184.C,2
E141.A_D173.A_N184.B+E152.C_E152.D+E152.C_N184.C,2
D173.A_N184.B_N184.C+E152.C_N184.C+N184.C,2
D173.A_E152.C_N184.C+E152.C+E152.D_N184.D,2
E141.A_D173.A+E152.C_N184.C+E152.C_N184.C_E152.D,2
E141.A_D173.A_N184.B+E152.C+N184.C_E152.D_N184.D,2
D173.A_N184.C+E152.C_N184.C+N184.B_N184.C,2
E141.A_D173.A+E152.B_N184.B_E152.D_N184.D+E152.C_N184.C,2
E141.A_D173.A+E152.B_N184.B_E152.D_N184.D+E152.D_N184.D,2
E152.B_N184.B_E152.D_N184.D+E152.C_N184.C+E152.D_N184.D,2
D173.A_N184.C+E152.B_N184.B_E152.D+E152.D_N184.D,2
E141.A_D173.A+E152.C+N184.B_E152.D,2
D173.A_N184.C+E141.A_D173.A_N184.B+N184.B_N184.C_N184.D,2
D173.A_N184.C+E152.C_N184.C+N184.B_N184.C_N184.D,2
D173.A_E152.C+E141.A_D173.A+E152.C_N184.C,2
E141.A_D173.A+E152.B_N184.B+N184.C_E152.D_N184.D,2
E152.B_N184.B+E152.C_N184.C+N184.C_E152.D_N184.D,2
D173.A+E141.A+E152.C_N184.C,2
E141.A_D173.A+N184.B_N184.D+N184.C,2
E152.C_N184.C+N184.B_N184.D+N184.C,2
D173.A_E152.C+E141.A_N184.B+E152.D_N184.D,2
D173.A+E141.A+E152.D_N184.D,2
D173.A+E141.A_D173.A+N184.B_E152.D_N184.D,2
D173.A+E152.C_N184.C+N184.B_E152.D_N184.D,2
D173.A_N184.B+E141.A+N184.C_N184.D,2
E141.A+E141.A_D173.A_N184.B+N184.C,2
E141.A+E141.A_D173.A_N184.B+E152.C_N184.C,2
D173.A_N184.C+E141.A_D173.A+N184.B_N184.D,2
E141.A_D173.A+E152.D+N184.B_N184.D,2
E141.A_D173.A_N184.B+E152.C+N184.B_E152.D_N184.D,2
E141.A_D173.A+N184.B+N184.B_N184.C_N184.D,2
D173.A_N184.C+E141.A_D173.A+E141.A_D173.A_N184.B,2
E152.C_N184.C+E152.D+N184.B,2
E141.A+E141.A_D173.A_N184.B+E152.B_N184.B,2
E141.A+E141.A_D173.A_N184.B+E152.D_N184.D,2
E141.A_D173.A+E152.D+N184.B,2
E141.A_D173.A_N184.B+E152.D+N184.B,2
D173.A+E141.A_D173.A+N184.C_N184.D,2
E152.C_N184.C+N184.B_E152.D_N184.D+N184.C_N184.D,2
E141.A+E141.A_D173.A+N184.C_N184.D,2
E141.A_D173.A+E141.A_E152.C+E152.C_N184.C,2
E141.A_D173.A+N184.B+N184.B_N184.D,2
D173.A_N184.B_N184.C_N184.D+E141.A_D173.A+E152.D_N184.D,2
E141.A_D173.A+N184.C+N184.C_N184.D,2
E152.C_N184.C+N184.B+N184.C_N184.D,2
D173.A_N184.C+E152.C_N184.C+N184.C_E152.D_N184.D,2
D173.A_N184.C+E152.C+E152.C_N184.C,2
D173.A_N184.B+E152.C+N184.C_N184.D,2
E152.C+N184.B+N184.C_N184.D,2
D173.A_E152.C_N184.C+E152.D_N184.D+N184.C,2
D173.A_E152.C_N184.C+E152.D_N184.D+N184.C_N184.D,2
D173.A_N184.C+E152.C_N184.C+N184.C_N184.D,2
E152.C+E152.D_N184.D+N184.B_N184.C,2
E141.A_D173.A_N184.B+N184.C+N184.C_N184.D,2
D173.A_N184.B+D173.A_N184.C+E141.A_D173.A_N184.B,2
D173.A_N184.B+E152.D+E152.D_N184.D,2
E141.A_D173.A_N184.B+N184.B_N184.C+N184.C,2
E152.D_N184.D+N184.B_N184.C+N184.C,2
D173.A_N184.B+E152.D_N184.D+N184.B_N184.C,2
D173.A_N184.B+D173.A_N184.B_N184.C+E152.C_N184.C,2
E152.C_N184.C+N184.B+N184.B_E152.D_N184.D,2
D173.A_N184.C+E152.D_N184.D+N184.C_E152.D_N184.D,2
D173.A_N184.C+E152.D_N184.D+N184.C_E152.D,2
D173.A_E152.B_N184.B+E141.A_D173.A+E152.D_N184.D,2
E141.A_D173.A+E141.A_D173.A_N184.B+E152.C_N184.C_N184.D,2
E141.A_D173.A_N184.B+E152.C+N184.B_E152.D,2
D173.A_E152.C+D173.A_N184.B+E141.A_D173.A,2
D173.A_N184.C+E141.A+E152.C_N184.C,2
E141.A_D173.A_N184.B+E141.A_E152.C+E152.D_N184.D,2
D173.A+D173.A_N184.B+E152.C,2
E141.A+E152.B+E152.C_N184.C,2
D173.A_N184.B+E141.A_D173.A+E152.B,2
D173.A_N184.B_N184.C+E141.A_D173.A+E152.B,2
E141.A_D173.A+E141.A_D173.A_N184.B+E152.B,2
D173.A_N184.C+E141.A_D173.A+E152.B,2
E152.B_N184.B+E152.C+N184.C_N184.D,2
D173.A_N184.B_N184.C+E152.C+N184.C_N184.D,2
E152.C_N184.C+E152.C_N184.C_N184.D+N184.B,2
E141.A_D173.A+E152.C_N184.C_N184.D+N184.C,2
D173.A_N184.C+E141.A_D173.A+E152.C_N184.C_N184.D,2
D173.A_E152.B_N184.B+E141.A_D173.A+E152.C_N184.C,2
E141.A_D173.A+E152.C_N184.C_N184.D+N184.C_N184.D,2
E141.A+E152.C_N184.C+N184.C,2
D173.A_N184.B+E152.B_N184.B_N184.D+E152.C_N184.C,2
E141.A_D173.A+E152.B+E152.B_N184.D,2
E141.A_D173.A+E152.B+E152.B_N184.B,2
D173.A+E141.A_D173.A+E152.B_N184.B_N184.D,2
D173.A_N184.B+E141.A_D173.A+E152.B_N184.D,2
E141.A_D173.A+E152.B_N184.B_N184.D+N184.C_N184.D,2
D173.A_N184.B+E152.B_N184.B+N184.C_N184.D,2
E141.A_D173.A+E152.B_E152.D_N184.D+E152.D_N184.D,2
D173.A_N184.C+E152.D_N184.D+N184.D,2
E152.B_E152.D_N184.D+E152.D_N184.D+N184.B,2
E152.B_N184.B_N184.D+E152.D_N184.D+N184.B,2
E152.B_E152.D_N184.D+E152.C_N184.C+E152.D_N184.D,2
D173.A+E152.D_N184.D+N184.B_N184.C,2
D173.A+E152.D_N184.D+N184.B_N184.D,2
D173.A_N184.C+E152.B_N184.B_N184.D+E152.D_N184.D,2
E141.A_N184.B+E152.C+E152.D_N184.D,2
D173.A_N184.B_N184.C+E152.D_N184.D+N184.C,2
E141.A_D173.A_N184.B+E152.B_N184.D+E152.C_N184.C,2
E152.B_N184.D+E152.C_N184.C+N184.C,2
E152.B_N184.B_N184.D+E152.C_N184.C+N184.B,2
E152.B_N184.D+E152.C+N184.B,2
E152.B_N184.B_N184.D+E152.D_N184.D+N184.B_N184.C_N184.D,2
E141.A_D173.A+E141.A_E152.C+E152.B_N184.B,2
E141.A_D173.A+E152.B+N184.B_N184.D,2
E152.B+E152.D_N184.D+N184.B_N184.D,2
D173.A_N184.B+E152.B_N184.D+E152.C,2
E152.B_N184.B_N184.D+E152.C+N184.B,2
E141.A+E152.B_N184.B+N184.C,2
D173.A_N184.B+E152.B_N184.B+E152.C,2
D173.A+E152.B_N184.B+N184.B,2
D173.A_N184.C+E152.B_N184.B+N184.B_N184.C,2
D173.A_N184.B_N184.C+E152.B_N184.B+E152.C_N184.C,2
D173.A_E152.C+E152.B+E152.D_N184.D,2
E141.A_D173.A+E141.A_E152.B+E152.D_N184.D,2
E141.A_N184.B+E152.B_N184.B+E152.D_N184.D,2
E141.A_N184.B+E152.B_N184.B+N184.C,2
D173.A_N184.B_N184.C+D173.A_N184.C+E152.B_N184.B,2
D173.A_N184.B_N184.C+D173.A_N184.C+E152.D_N184.D,2
D173.A_N184.C+E152.D_N184.D+N184.B_N184.D,2
E141.A_D173.A_N184.C+E152.D_N184.D+N184.D,2
E141.A_D173.A_N184.C+E152.B_N184.B+E152.D_N184.D,2
D173.A+E141.A_D173.A+E141.A_D173.A_N184.B,2
E141.A_D173.A+E141.A_N184.B+N184.B,2
E141.A_D173.A+E141.A_D173.A_N184.B_N184.C+N184.C_E152.D_N184.D,1
E141.A_D173.A+N184.C+N184.C_E152.D_N184.D,1
D173.A_N184.B_N184.C+E141.A_D173.A_N184.B+N184.B_N184.C_E152.D_N184.D,1
D173.A_N184.B_N184.C+E141.A_D173.A_N184.B+N184.C_E152.D_N184.D,1
E141.A_D173.A_N184.B+N184.B_E152.D_N184.D+N184.B_N184.C,1
E141.A_D173.A_N184.B+N184.B_N184.C+N184.B_N184.C_N184.D,1
D173.A_N184.B+E141.A_D173.A_N184.B+N184.B_N184.C,1
E141.A_D173.A_N184.B+E141.A_D173.A_N184.B_N184.C+E152.C_N184.C,1
D173.A+E141.A_D173.A_N184.B+N184.B_E152.C_N184.C,1
E141.A_D173.A+N184.B+N184.B_N184.C,1
D173.A_N184.B_N184.C+E141.A_D173.A+N184.B_N184.C,1
E141.A_D173.A+E152.C_N184.C_E152.D+N184.B,1
D173.A_N184.B_N184.C+E141.A_D173.A+N184.B,1
E141.A_D173.A_N184.B+E141.A_E152.B_N184.B+N184.C_N184.D,1
D173.A_N184.B_N184.C+E141.A_E152.B_N184.B+E152.C_N184.C,1
E141.A_D173.A+E141.A_E152.B_N184.B+N184.B,1
E141.A_D173.A+E141.A_E152.B_N184.B+N184.C_N184.D,1
E141.A_E152.B_N184.B+N184.B+N184.C_N184.D,1
D173.A_N184.B_N184.C+E141.A_D173.A_N184.B+E152.B_N184.B,1
D173.A_N184.B_N184.C+E152.B_N184.B+N184.C,1
D173.A+D173.A_N184.B_N184.C+E141.A_D173.A_N184.B,1
D173.A+D173.A_N184.B_N184.C+E152.D_N184.D,1
E141.A_D173.A_N184.B+E152.C_N184.C+N184.B_E152.C,1
D173.A_E152.C+E152.C_N184.C+N184.B,1
E141.A_N184.B+E152.B_N184.B+E152.C_N184.C,1
D173.A_N184.B+N184.B+N184.C_E152.D_N184.D,1
D173.A_N184.B+E152.C_N184.C+E152.C_N184.D,1
D173.A_N184.B+E152.C_N184.D+E152.D_N184.D,1
E152.C_N184.C+E152.C_N184.D+E152.D_N184.D,1
D173.A_E152.C+E141.A_D173.A_N184.B+N184.C_N184.D,1
D173.A_E152.C+E152.D_N184.D+N184.C_N184.D,1
E152.C_N184.C+N184.C_E152.D_N184.D+N184.C_N184.D,1
D173.A_N184.C+E141.A_N184.B+E152.D_N184.D,1
E141.A_D173.A+E152.B_N184.B_E152.D+E152.C_N184.C,1
D173.A_E152.C_N184.C+E141.A_D173.A_N184.B+E152.B_N184.B_E152.D,1
D173.A_E152.C_N184.C+E152.B_N184.B_E152.D+E152.C_N184.C,1
D173.A_E152.C_N184.C+E152.B_N184.B_E152.D+E152.D_N184.D,1
D173.A_E152.C_N184.C+D173.A_N184.C+E152.B_N184.B,1
D173.A_E152.C_N184.C+D173.A_N184.C+E152.C_N184.C,1
D173.A_E152.C_N184.C+E152.B_N184.B+E152.C_N184.C,1
D173.A_E152.C_N184.C+D173.A_N184.B+E141.A_N184.B,1
E141.A_D173.A+N184.B_E152.D_N184.D+N184.C,1
E152.C_N184.C+N184.B_E152.D_N184.D+N184.C,1
E152.D_N184.D+N184.B_E152.D_N184.D+N184.C,1
D173.A_N184.B+E152.D_N184.D+N184.B_E152.D_N184.D,1
D173.A_N184.B_N184.C+E152.C+E152.C_N184.C,1
E141.A_D173.A+E141.A_D173.A_E152.B_N184.B+E152.C_N184.C,1
E141.A_D173.A_E152.B_N184.B+E152.C_N184.C+E152.D_N184.D,1
E141.A+E141.A_D173.A+N184.B,1
E141.A_N184.B+E152.C_N184.C+N184.C_E152.D_N184.D,1
E141.A_D173.A+N184.B_N184.C_N184.D+N184.C_E152.D,1
E141.A_D173.A_N184.B+N184.B_N184.C_N184.D+N184.C_E152.D,1
D173.A+E141.A_D173.A+E152.D,1
D173.A+E152.D+N184.C,1
D173.A_N184.B+E152.C_N184.C+N184.B_N184.D,1
E141.A_N184.B+E152.C_N184.C+N184.B_N184.D,1
E152.C_N184.C+N184.B+N184.D,1
D173.A_E152.C_N184.C+E152.C_N184.C+N184.B_N184.C,1
E141.A_D173.A_N184.B+E152.C_N184.C+N184.C_E152.D,1
D173.A_E152.C_N184.C+E141.A_D173.A+E141.A_D173.A_N184.B,1
D173.A_N184.B_N184.C+E141.A_D173.A+N184.C,1
D173.A_E152.C_N184.C+E141.A_D173.A_N184.B+E152.C,1
D173.A_E152.C+D173.A_N184.B+E152.C_N184.C,1
E141.A_D173.A+E152.C_N184.C_E152.D+E152.D_N184.D,1
E152.C_N184.C+E152.C_N184.C_E152.D+E152.D_N184.D,1
E141.A_D173.A_N184.B+N184.B+N184.C_E152.D_N184.D,1
E152.C+N184.B+N184.C_E152.D_N184.D,1
E152.C_N184.C+E152.D+N184.B_N184.C_N184.D,1
E141.A_D173.A+E152.B_N184.B+N184.B_E152.D,1
E141.A_D173.A+E152.D+N184.B_E152.D,1
E152.B_N184.B+E152.C_N184.C+N184.B_E152.D,1
E152.B_N184.B+E152.D+N184.B_E152.D,1
E152.C_N184.C+E152.D+N184.B_E152.D,1
E152.D+E152.D_N184.D+N184.B_N184.C,1
E141.A_D173.A+E152.B_N184.B_E152.D_N184.D+N184.B,1
E152.B_N184.B_E152.D_N184.D+E152.C_N184.C+N184.B,1
E152.B_N184.B_E152.D_N184.D+E152.D_N184.D+N184.B,1
D173.A_N184.C+E141.A_D173.A_N184.B+E152.B_N184.B_E152.D,1
D173.A_N184.C+E152.B_N184.B_E152.D+E152.C_N184.C,1
D173.A_N184.C+E141.A_D173.A+E152.B_N184.B_E152.D,1
D173.A_N184.C+E152.B_N184.B_E152.D+E152.C,1
E141.A_D173.A+E152.B_N184.B_E152.D+E152.C,1
E152.B_N184.B_E152.D+E152.C+E152.D_N184.D,1
D173.A_N184.B_N184.C+E141.A_D173.A+N184.B_E152.D,1
D173.A_N184.B_N184.C+E152.C+N184.B_E152.D,1
D173.A_N184.B_N184.C+E152.D_N184.D+N184.B_E152.D,1
D173.A_E152.C+E141.A_D173.A+N184.B_N184.D,1
D173.A_E152.C+E152.C_N184.C+N184.B_N184.D,1
D173.A_E152.C+E152.D_N184.D+N184.B_N184.D,1
D173.A+E152.B_N184.B+E152.D,1
D173.A+E152.C_N184.C+E152.D,1
D173.A+E141.A+N184.C_E152.D_N184.D,1
D173.A+E152.C_N184.C+N184.C_E152.D_N184.D,1
E141.A+E152.C_N184.C+N184.C_E152.D_N184.D,1
D173.A_E152.C_N184.C+E141.A+E152.C_N184.C,1
D173.A_N184.B+E152.D+N184.B_N184.C,1
E141.A_D173.A_N184.B+E141.A_N184.B+E152.C_N184.C,1
D173.A+D173.A_N184.B+N184.C,1
D173.A+E152.D_N184.D+N184.B_E152.D_N184.D,1
E152.C+E152.C_N184.C+N184.C_N184.D,1
E141.A_D173.A_E152.B_N184.B+E141.A_D173.A_N184.B+E152.D_N184.D,1
D173.A_N184.B+E141.A_D173.A_N184.C+E152.D_N184.D,1
E141.A_D173.A+E141.A_D173.A_E152.C_N184.C+E152.D_N184.D,1
E141.A_D173.A+E141.A_E152.C_N184.C+E152.D_N184.D,1
E141.A_D173.A_N184.B+E152.D+N184.C,1
D173.A_N184.B+E141.A_D173.A_N184.C+N184.C_N184.D,1
E141.A_D173.A_E152.C_N184.C+E141.A_D173.A_N184.B+N184.C_N184.D,1
D173.A_N184.B+E141.A_D173.A_N184.C+E152.C_N184.C,1
D173.A_N184.B+D173.A_N184.C+N184.C_E152.D_N184.D,1
E141.A+E141.A_D173.A_N184.B+N184.C_N184.D,1
D173.A_E152.C_N184.C+E141.A_D173.A+N184.C_E152.D_N184.D,1
E141.A_D173.A+N184.B_N184.C_N184.D+N184.C_E152.D_N184.D,1
D173.A_N184.C+E152.D+N184.B_N184.D,1
D173.A_N184.B_N184.C+E141.A_D173.A+E152.C_N184.C_E152.D,1
D173.A_N184.B_N184.C+E152.C+E152.C_N184.C_E152.D,1
E141.A_D173.A+E152.C+E152.C_N184.C_E152.D,1
E141.A_D173.A+N184.B_E152.D+N184.C_N184.D,1
E152.C+N184.B_E152.D+N184.C_N184.D,1
D173.A_N184.B_N184.C+E141.A_D173.A_N184.B+E152.C,1
D173.A_N184.B_N184.C+E152.C+N184.B_E152.D_N184.D,1
D173.A_N184.B+E152.C+N184.C_E152.D_N184.D,1
E152.C_N184.C+N184.B+N184.B_N184.C_N184.D,1
E152.C+N184.B_N184.D+N184.C,1
E141.A_D173.A+E152.B_N184.B_N184.D+E152.D,1
E152.B_N184.B_N184.D+E152.C_N184.C+E152.D,1
D173.A+E152.C_N184.C+N184.C_N184.D,1
E141.A+E141.A_D173.A+N184.B_E152.D_N184.D,1
E141.A+E152.C_N184.C+N184.B_E152.D_N184.D,1
E141.A+E152.C_N184.C+N184.C_N184.D,1
E141.A+N184.B_E152.D_N184.D+N184.C_N184.D,1
E141.A_D173.A+E141.A_E152.C+N184.B_E152.D_N184.D,1
E141.A_E152.C+E152.C_N184.C+N184.B_E152.D_N184.D,1
E141.A+E141.A_D173.A+N184.B_N184.C_N184.D,1
E141.A+E152.C_N184.C+N184.B_N184.C_N184.D,1
E141.A_D173.A+E152.C_N184.C+N184.B_E152.C,1
E141.A_D173.A+E152.D_N184.D+N184.B_E152.C,1
E152.C_N184.C+E152.D_N184.D+N184.B_E152.C,1
E152.C_N184.C+N184.B+N184.B_N184.D,1
D173.A_N184.B_N184.C_N184.D+E152.C_N184.C+E152.D_N184.D,1
E141.A_D173.A_N184.B+E141.A_D173.A_N184.C+E152.C_N184.C,1
E141.A_D173.A_N184.B+E141.A_D173.A_N184.C+E152.D_N184.D,1
E141.A+E141.A_D173.A+N184.D,1
E141.A+E152.D_N184.D+N184.D,1
D173.A+E152.C+N184.C,1
E141.A_D173.A+N184.C+N184.D,1
E152.C+N184.C+N184.D,1
D173.A_E152.C_N184.C+D173.A_N184.C+E141.A_D173.A,1
D173.A_E152.C_N184.C+D173.A_N184.C+N184.D,1
D173.A_E152.C_N184.C+E141.A_D173.A+N184.D,1
E152.C_N184.C+N184.C+N184.C_N184.D,1
E152.C_N184.C+N184.C_E152.D+N184.C_N184.D,1
D173.A_N184.B+E152.C+N184.B,1
D173.A_E152.C_N184.C+E152.C+N184.C,1
D173.A_E152.C_N184.C+E152.C_N184.C+N184.C_N184.D,1
E152.C+N184.C+N184.C_N184.D,1
D173.A_N184.B_N184.C+E152.D_N184.D+N184.C_E152.D_N184.D,1
E141.A_D173.A_N184.B+N184.B+N184.B_N184.D,1
E141.A_D173.A_N184.B+E152.D+N184.B_N184.C_N184.D,1
D173.A_N184.B+N184.C+N184.C_N184.D,1
D173.A_N184.B+E141.A_D173.A_N184.B+E152.D,1
E152.D+N184.B_N184.D+N184.C_N184.D,1
E152.C+N184.C_E152.D_N184.D+N184.C_N184.D,1
D173.A_N184.C+E152.D+N184.C,1
D173.A_N184.B_N184.C+E152.D_N184.D+N184.B_N184.D,1
D173.A_E152.B_N184.B+E152.C_N184.C+N184.B_E152.D_N184.D,1
D173.A_E152.B_N184.B+E152.C_N184.C+N184.B_N184.C,1
D173.A_E152.B_N184.B+N184.B_E152.D_N184.D+N184.B_N184.C,1
E152.C_N184.C+N184.B_E152.D_N184.D+N184.B_N184.C,1
D173.A_N184.B+E152.C_N184.C+N184.C_E152.D,1
D173.A_N184.C+E152.C_N184.C+N184.B_E152.D_N184.D,1
D173.A_N184.C+N184.B+N184.B_E152.D_N184.D,1
E152.C_N184.C+N184.B+N184.C_E152.D,1
E141.A_D173.A+E141.A_D173.A_N184.B+E152.C_E152.D,1
E141.A_D173.A+E152.C_E152.D+E152.C_N184.C,1
E141.A_D173.A_N184.B+E152.C_N184.C+E152.C_N184.C_N184.D,1
E141.A_D173.A_N184.B+E152.C_N184.C_N184.D+N184.C_N184.D,1
E152.C_N184.C+E152.C_N184.C_N184.D+N184.C_N184.D,1
D173.A_N184.B+D173.A_N184.B_N184.C_N184.D+E141.A_D173.A,1
D173.A_N184.B+D173.A_N184.B_N184.C_N184.D+E152.C_N184.C,1
D173.A_N184.C+E141.A_D173.A_N184.B+N184.C_E152.D,1
D173.A_N184.B+E152.D_N184.D+N184.C_E152.D,1
E141.A_D173.A+E141.A_D173.A_E152.B_N184.B+N184.C_E152.D,1
E141.A_D173.A_E152.B_N184.B+E152.D_N184.D+N184.C_E152.D,1
D173.A_N184.B+E152.B_N184.B+N184.C_E152.D_N184.D,1
D173.A_N184.B+E152.D_N184.D+N184.C_E152.D_N184.D,1
E152.B_N184.B+E152.D_N184.D+N184.C_E152.D_N184.D,1
D173.A_E152.B_N184.B+D173.A_N184.C+E152.D_N184.D,1
D173.A_E152.B_N184.B+D173.A_N184.C+N184.C_E152.D,1
D173.A_E152.B_N184.B+E152.D_N184.D+N184.C_E152.D,1
D173.A_E152.B_N184.B+E141.A_D173.A+N184.C_E152.D_N184.D,1
D173.A_E152.B_N184.B+E152.D_N184.D+N184.C_E152.D_N184.D,1
E141.A_D173.A_E152.C+E141.A_D173.A_N184.B+E152.D_N184.D,1
E141.A_D173.A_E152.C+E141.A_D173.A_N184.B+N184.C_E152.D,1
E141.A_D173.A_E152.C+E152.D_N184.D+N184.C_E152.D,1
E141.A_E152.C+E141.A_N184.B+E152.D_N184.D,1
E141.A_E152.C+E141.A_N184.B+N184.C_E152.D,1
E141.A_E152.C+E152.D_N184.D+N184.C_E152.D,1
E141.A_N184.B+E152.D_N184.D+N184.C_E152.D,1
E141.A+E141.A_D173.A+E152.D,1
E141.A+E152.D+N184.C_N184.D,1
D173.A+E141.A_N184.B+E152.D_N184.D,1
D173.A+E141.A_N184.B+N184.C_N184.D,1
E141.A_N184.B+E152.D_N184.D+N184.C_N184.D,1
D173.A_E152.C_N184.C+E141.A_D173.A_N184.B+N184.C_N184.D,1
E141.A_D173.A_N184.B+E152.C_N184.C_N184.D+N184.D,1
E141.A_D173.A_N184.B+E152.C_N184.C_N184.D+N184.B,1
D173.A_N184.B_N184.C+E152.C_N184.C+N184.C_N184.D,1
E152.C+E152.D_N184.D+N184.C_E152.D_N184.D,1
E141.A_D173.A_N184.B+E152.C_N184.C_N184.D+E152.D_N184.D,1
D173.A+D173.A_E152.C_N184.C+E141.A_D173.A_N184.B,1
D173.A+D173.A_E152.C_N184.C+E152.D_N184.D,1
E141.A_N184.B+E152.C_N184.C+N184.C,1
E141.A_D173.A_N184.B+E152.B_N184.B+N184.C_N184.D,1
D173.A_E152.B_N184.B+E141.A_D173.A_N184.C+E152.D_N184.D,1
D173.A_E152.B_N184.B+E141.A_D173.A_N184.C+N184.C_N184.D,1
D173.A_E152.B_N184.B+E152.D_N184.D+N184.C_N184.D,1
E141.A_D173.A_N184.C+E152.D_N184.D+N184.C_N184.D,1
D173.A+D173.A_N184.C+E152.C_N184.C,1
D173.A+D173.A_N184.C+E152.D_N184.D,1
E141.A_D173.A_N184.B+E141.A_E152.C+E152.C_N184.C,1
E141.A_E152.C+E152.C_N184.C+E152.D_N184.D,1
E152.B_N184.B+E152.C_N184.C+N184.C_E152.D,1
E152.B_N184.B+E152.D_N184.D+N184.C_E152.D,1
E152.C_N184.C+E152.D_N184.D+N184.C_E152.D,1
D173.A_N184.C+E141.A_N184.B+E152.C,1
E141.A_D173.A+E152.C+E152.C_E152.D,1
E141.A_D173.A+E152.B_N184.B_E152.D_N184.D+E152.C,1
E141.A_D173.A_N184.B+E152.B+E152.C_N184.C,1
E141.A_D173.A_N184.B+E152.B+N184.C_N184.D,1
D173.A_N184.B+E141.A_D173.A_N184.B+E152.B,1
E141.A_D173.A+E152.B+N184.C_N184.D,1
E141.A_D173.A+E152.B+N184.B_N184.C,1
E141.A_D173.A_N184.B+E152.C+N184.B_N184.C,1
E141.A_N184.B+E152.C_N184.C+E152.D,1
E152.B_N184.B_E152.D_N184.D+E152.C_N184.C+N184.C_N184.D,1
E152.B_N184.B+E152.C+N184.C_E152.D_N184.D,1
D173.A_N184.B+N184.C_E152.D_N184.D+N184.C_N184.D,1
D173.A_E152.B_N184.B+E152.C_N184.C+N184.C_E152.D_N184.D,1
D173.A_E152.B_N184.B+N184.C+N184.C_E152.D_N184.D,1
D173.A_N184.B+E141.A+N184.C,1
D173.A_N184.B+E141.A_D173.A+E152.B_E152.D_N184.D,1
D173.A+E141.A_D173.A+E152.B_E152.D_N184.D,1
E152.C+E152.D+N184.B_N184.C_N184.D,1
E152.B_N184.B_N184.D+E152.C_N184.C+N184.B_N184.C_N184.D,1
E152.C+E152.C_N184.C_N184.D+N184.C,1
E152.C+E152.C_N184.C_N184.D+N184.B,1
D173.A+E141.A_D173.A+N184.C_E152.D_N184.D,1
E141.A_D173.A+N184.B_N184.C+N184.C_N184.D,1
E141.A_D173.A+N184.B+N184.C_E152.D,1
E141.A_D173.A+E152.B+N184.C_E152.D_N184.D,1
D173.A+D173.A_N184.B+E141.A_D173.A,1
E141.A+E152.C_N184.C+E152.D,1
D173.A_N184.C_N184.D+E141.A_D173.A+E152.C_N184.C,1
E152.C_N184.C+N184.B_N184.D+N184.C_N184.D,1
E141.A_D173.A+E152.B_E152.D+E152.C,1
D173.A+E152.C+N184.B_N184.D,1
D173.A+E141.A_D173.A+E152.C_N184.C_E152.D,1
E141.A_D173.A+E152.B_N184.B_N184.D+N184.C_E152.D_N184.D,1
D173.A+E152.B_N184.B_N184.D+N184.C_N184.D,1
D173.A_N184.C+E152.B_N184.B+E152.B_N184.B_N184.D,1
D173.A+E152.B_N184.B+E152.B_N184.D,1
E141.A_D173.A+E152.B+E152.B_E152.D_N184.D,1
E141.A_D173.A+E152.B_N184.B_N184.D+N184.C,1
E141.A_D173.A+E152.D+N184.D,1
E141.A_D173.A+E152.B_N184.B_N184.D+N184.B,1
E141.A_D173.A+E152.B_N184.D+N184.B_N184.C,1
E141.A_D173.A+E152.B_N184.D+N184.B_N184.D,1
E141.A_D173.A+E152.B_E152.D_N184.D+N184.B,1
D173.A_N184.B+E152.B_N184.B+E152.C_N184.C_E152.D,1
E152.B_N184.B+N184.B_N184.D+N184.C,1
D173.A_N184.C+E141.A_D173.A+E152.B_N184.B_E152.D_N184.D,1
D173.A+E141.A_D173.A+E152.B_N184.B_E152.D_N184.D,1
E152.B+E152.D_N184.D+N184.C_N184.D,1
E141.A_D173.A+E141.A_E152.B_N184.B+E152.D_N184.D,1
D173.A_N184.B+D173.A_N184.C+E152.B_N184.B,1
D173.A_E152.C_N184.C+E152.B+E152.D_N184.D,1
D173.A_N184.B+E152.B_N184.B_N184.D+N184.B,1
D173.A_N184.B+E152.B_N184.B_N184.D+N184.C_N184.D,1
E152.B_N184.B_N184.D+N184.B+N184.C_N184.D,1
D173.A_N184.B+D173.A_N184.C+E152.B_N184.D,1
D173.A_N184.C+E152.B_N184.D+E152.D_N184.D,1
E152.B_N184.B+E152.B_N184.B_N184.D+N184.B,1
E141.A_D173.A+E152.B_N184.D+N184.B,1
E152.B_N184.D+E152.C_N184.C+N184.B,1
D173.A_N184.C+E152.B+E152.D_N184.D,1
D173.A+E152.D_N184.D+N184.D,1
D173.A_N184.B+E152.B_E152.D_N184.D+E152.C_N184.C,1
D173.A_N184.B+E152.B_E152.D_N184.D+E152.D_N184.D,1
E152.D_N184.D+N184.B+N184.D,1
E152.D_N184.D+N184.B+N184.C_N184.D,1
E152.D_N184.D+N184.C+N184.D,1
E152.B+E152.D_N184.D+N184.B_N184.C,1
E152.B_N184.D+E152.D_N184.D+N184.B,1
E141.A_D173.A_N184.B+E152.B_E152.D_N184.D+E152.C_N184.C,1
D173.A_N184.B+E152.C_N184.C+N184.D,1
E141.A_D173.A_N184.B+E152.B_N184.B_N184.D+E152.C_N184.C,1
D173.A_N184.B+E152.B_N184.D+E152.C_N184.C,1
E152.B+E152.C_N184.C+N184.B,1
E152.B+E152.B_N184.B+E152.D_N184.D,1
E152.B_N184.B+E152.B_N184.D+E152.D_N184.D,1
E152.B_N184.B+E152.B_N184.B_N184.D+E152.C,1
E152.B_N184.B_N184.D+E152.C+N184.B_N184.C_N184.D,1
D173.A_N184.B+E141.A+E152.C_N184.C,1
E152.B_N184.B+E152.C+E152.C_N184.C,1
E141.A_D173.A+E141.A_E152.C+N184.C_N184.D,1
E141.A_E152.C+E152.B_N184.B+N184.C_N184.D,1
E141.A_E152.C+E152.D_N184.D+N184.C_N184.D,1
E152.B+E152.C+N184.B_N184.D,1
E152.C+E152.D_N184.D+N184.B_N184.D,1
E152.B+E152.C_N184.C+N184.B_N184.D,1
E152.B_N184.B+E152.C+N184.B_N184.C_N184.D,1
D173.A+E141.A+E152.C,1
E141.A_D173.A+E152.B_E152.D_N184.D+E152.C,1
E152.B_N184.B_N184.D+E152.C_N184.C+N184.C_N184.D,1
D173.A_N184.C+E141.A_D173.A+E152.B_N184.B_N184.D,1
D173.A+D173.A_N184.B+E152.B_N184.B_N184.D,1
D173.A+E152.B_N184.B_N184.D+E152.C,1
D173.A_N184.B+E152.B_N184.B_N184.D+E152.C,1
E152.B+E152.D_N184.D+N184.C,1
D173.A_N184.B+E141.A_D173.A_N184.B+N184.B_N184.D,1
D173.A_N184.B+E141.A_D173.A+E152.B_N184.B_N184.D,1
D173.A_N184.B+E152.B_N184.B_N184.D+E152.D_N184.D,1
D173.A+E141.A_D173.A+E152.B,1
D173.A+E152.B+E152.D_N184.D,1
D173.A_N184.C+E152.B_N184.B+N184.B,1
D173.A_N184.C+E152.B_N184.B_N184.D+E152.C,1
D173.A_N184.C+E141.A_D173.A_N184.B+E152.B_N184.B,1
D173.A_N184.B+E141.A+E152.B_N184.B,1
D173.A_N184.B_N184.C+E152.B_N184.B+N184.B,1
D173.A_N184.B_N184.C+E152.D_N184.D+N184.B,1
E152.B_N184.B+E152.C_N184.C+N184.B_N184.D,1
E141.A+E141.A_D173.A+E152.B_N184.B,1
D173.A_N184.B+E152.B+E152.C_N184.C,1
D173.A_N184.B+E152.B+E152.D_N184.D,1
D173.A_E152.C+D173.A_N184.B_N184.C+E152.B_N184.B_N184.D,1
D173.A_E152.C+D173.A_N184.B_N184.C+E152.D_N184.D,1
D173.A_E152.C+E152.B_N184.B_N184.D+E152.D_N184.D,1
D173.A_N184.B_N184.C+E152.B_N184.B_N184.D+E152.D_N184.D,1
D173.A_E152.C_N184.C+D173.A_N184.B+N184.C,1
D173.A_E152.C_N184.C+D173.A_N184.B+D173.A_N184.C,1
D173.A_E152.C+E152.B_N184.B+E152.D_N184.D,1
D173.A+D173.A_N184.B+N184.B_N184.D,1
D173.A_E152.C+E141.A_D173.A+E152.B,1
D173.A_E152.C+E141.A_D173.A+N184.B,1
D173.A_E152.C+E152.D_N184.D+N184.B,1
D173.A_E152.C_N184.C+D173.A_N184.B+E141.A_D173.A,1
E152.B+E152.B_N184.D+E152.C,1
E152.B_N184.D+E152.C+E152.C_N184.C,1
E152.B_N184.B_N184.D+E152.C+N184.B_N184.C,1
E152.C+E152.C_E152.D+E152.D_N184.D,1
E141.A+E141.A_D173.A+N184.B_N184.D,1
E141.A_E152.C_N184.C+E152.B_N184.D+N184.C_N184.D,1
E152.B_N184.B_N184.D+E152.C_N184.C+N184.D,1
E141.A_D173.A+N184.C_N184.D+N184.D,1
E141.A_D173.A+E141.A_D173.A_N184.C+E152.B_N184.D,1
D173.A_N184.C+E141.A_D173.A+E152.B_N184.D,1
D173.A+E141.A_D173.A+E152.B_N184.D,1
E141.A_D173.A+E141.A_E152.C_N184.C+E152.B_N184.B_N184.D,1
E141.A_D173.A+E141.A_E152.B+E152.C_N184.C,1
E141.A_E152.B+E152.C_N184.C+E152.D_N184.D,1
E141.A_D173.A_N184.C+E152.D_N184.D+N184.B,1
E141.A+E141.A_D173.A+E152.C,1
E141.A_D173.A+E141.A_D173.A_N184.B+E152.B_N184.D,1
E141.A_D173.A+E141.A_D173.A_N184.B+E152.B_N184.B_N184.D,1
E141.A_D173.A+E152.B_N184.B+E152.C_N184.D,1
D173.A_N184.C+N184.B+N184.C_N184.D,1
E152.B_N184.B+N184.B+N184.B_E152.D_N184.D,1
E141.A+E152.B+N184.B_E152.D_N184.D,1
E141.A_D173.A_N184.B+E152.B_N184.B+N184.D,1
E141.A_D173.A+E141.A_N184.C+E152.B_N184.B,1
E141.A_D173.A+E141.A_N184.C+E152.D_N184.D,1
E141.A_N184.C+E152.B_N184.B+E152.D_N184.D,1
D173.A+E141.A_E152.C+E152.B_N184.B,1
D173.A+E141.A_E152.C+E152.D_N184.D,1
E152.B_N184.B+N184.B+N184.C,1
E152.D_N184.D+N184.B_N184.C+N184.B_N184.C_N184.D,1
E152.B_N184.B_N184.D+E152.D_N184.D+N184.C,1
E152.B_N184.D+E152.D_N184.D+N184.C,1
D173.A_N184.C+E141.A_D173.A_N184.B+N184.B_N184.D,1
D173.A+E152.B_N184.B+N184.B_N184.C,1
E141.A_D173.A_N184.C+E152.B_N184.B+E152.C_N184.C,1
E152.B_N184.B+E152.C_N184.C+E152.C_N184.C_N184.D,1
E152.B_N184.B+E152.C_N184.C_N184.D+E152.D_N184.D,1
D173.A_N184.C+E152.C+E152.C_N184.C_N184.D,1
D173.A_N184.C+E152.C_N184.C_N184.D+E152.D_N184.D,1
E152.C+E152.C_N184.C_N184.D+E152.D_N184.D,1
E141.A_D173.A+E152.B+N184.B,1
E152.B+E152.D_N184.D+N184.B,1
E141.A+E141.A_D173.A+N184.C,1
E141.A_D173.A+E141.A_D173.A_N184.C+N184.D,1
E141.A+E141.A_D173.A+E152.B_N184.B_N184.D,1
E141.A+E152.B_N184.B_N184.D+E152.D_N184.D,1
D173.A_N184.B+E141.A_D173.A+N184.B_N184.D,1
E141.A_E152.C_N184.C+E152.D_N184.D+N184.D,1
E141.A_D173.A+E152.D_N184.D,2615
E152.C_N184.C+E152.D_N184.D,2507
E141.A_D173.A+E152.C_N184.C,2062
E152.B_N184.B+E152.D_N184.D,989
E141.A_D173.A_N184.B+E152.D_N184.D,819
E141.A_D173.A_N184.B+E152.C_N184.C,728
E141.A_D173.A+E152.B_N184.B,642
E152.C+E152.D_N184.D,452
E152.B_N184.B+E152.C_N184.C,389
D173.A_N184.B+E152.D_N184.D,352
E152.D_N184.D+N184.B,343
E152.D_N184.D+N184.C,339
E141.A_D173.A+E152.C,276
E141.A_D173.A+E141.A_D173.A_N184.B,262
D173.A_N184.B+E152.C_N184.C,261
E141.A_D173.A+N184.B,260
E141.A_D173.A+N184.C,256
D173.A_N184.C+E152.D_N184.D,256
E152.C_N184.C+N184.B,249
D173.A_N184.B+E141.A_D173.A,232
E141.A_D173.A+N184.C_N184.D,195
D173.A_N184.C+E141.A_D173.A,179
E152.D_N184.D+N184.C_N184.D,175
E152.C_N184.C+N184.C,168
D173.A+E152.D_N184.D,165
D173.A_N184.C+E152.C_N184.C,150
E152.C_N184.C+N184.C_N184.D,123
E141.A_D173.A_N184.B+N184.B,101
D173.A+E141.A_D173.A,97
E141.A_D173.A+E152.B_N184.B_N184.D,96
E141.A_D173.A_N184.B+N184.C,95
E152.B_N184.B+N184.C,92
E141.A_D173.A_N184.B+E152.C,92
E141.A_D173.A+E152.B,92
D173.A+E152.C_N184.C,89
E141.A_D173.A_N184.B+N184.C_N184.D,86
D173.A_N184.C+E141.A_D173.A_N184.B,80
D173.A_N184.B_N184.C+E152.D_N184.D,79
E141.A_D173.A+N184.C_E152.D_N184.D,77
E152.B_N184.B+E152.C,76
E141.A_D173.A+N184.B_N184.D,73
D173.A_N184.B_N184.C+E141.A_D173.A,72
E141.A+E152.D_N184.D,72
D173.A_N184.B+E141.A_D173.A_N184.B,66
E152.D_N184.D+N184.B_N184.D,64
D173.A_N184.B_N184.C+E152.C_N184.C,63
D173.A_N184.B+E152.B_N184.B,61
E152.B_N184.B+N184.B,61
E152.B_N184.B_N184.D+E152.C_N184.C,60
E152.B+E152.C_N184.C,60
E141.A_D173.A+E152.B_N184.D,58
E152.D_N184.D+N184.D,57
D173.A_N184.B_N184.C+E141.A_D173.A_N184.B,56
E141.A_D173.A+N184.D,53
E152.D_N184.D+N184.B_N184.C,53
E141.A+E152.C_N184.C,53
E152.C_N184.C+N184.B_N184.D,50
E152.C+E152.C_N184.C,48
E141.A_D173.A+N184.B_N184.C_N184.D,47
E141.A_D173.A+E152.D,47
D173.A_N184.B+E152.C,46
D173.A+E152.B_N184.B,45
E152.B_N184.B+N184.C_N184.D,45
E141.A_D173.A+N184.B_N184.C,44
E141.A_D173.A_N184.B+E152.B_N184.B,44
E152.C+N184.C,43
D173.A_N184.C+E152.B_N184.B,42
E152.B_N184.B_N184.D+E152.D_N184.D,42
E152.C+N184.B,40
E152.C_N184.C+E152.D,40
E152.D_N184.D+N184.B_N184.C_N184.D,39
E141.A_N184.B+E152.D_N184.D,38
E152.B_N184.D+E152.C_N184.C,38
E152.B_N184.B+E152.B_N184.B_N184.D,38
E152.B+E152.D_N184.D,36
E152.C_N184.C+N184.B_N184.C,35
E152.C_N184.C+N184.B_N184.C_N184.D,35
D173.A_E152.C_N184.C+E152.D_N184.D,35
E141.A_D173.A_N184.B+N184.C_E152.D_N184.D,34
D173.A_N184.B+N184.C,34
E152.C_N184.C+N184.C_E152.D_N184.D,34
E141.A_N184.B+E152.C_N184.C,34
E141.A_D173.A_N184.B+N184.B_N184.C,33
D173.A_E152.C+E152.D_N184.D,33
E141.A_D173.A+N184.B_E152.D_N184.D,33
E152.C_N184.C+N184.B_E152.D_N184.D,31
D173.A+E141.A_D173.A_N184.B,30
D173.A_N184.B+N184.C_N184.D,29
D173.A_N184.C+E152.C,28
E152.C+N184.C_N184.D,27
E152.C_N184.C+N184.D,26
E141.A+E141.A_D173.A,26
D173.A_N184.C+N184.B,23
D173.A_E152.C_N184.C+E152.C_N184.C,23
E141.A_D173.A+E152.C_N184.C_N184.D,23
E141.A_D173.A_N184.B+N184.B_N184.D,22
E152.B_N184.B+E152.B_N184.D,22
D173.A_N184.B+D173.A_N184.C,21
D173.A+E152.C,21
N184.B+N184.C,20
E141.A_D173.A_N184.B+E152.D,20
E141.A_D173.A_N184.B+N184.B_N184.C_N184.D,19
E152.B_N184.B_N184.D+E152.C,19
E141.A_D173.A+E152.B_E152.D_N184.D,19
E152.B_N184.D+E152.D_N184.D,19
D173.A+N184.C,17
E152.B_E152.D_N184.D+E152.C_N184.C,17
E152.B_N184.B+N184.D,17
D173.A_N184.B+N184.C_E152.D_N184.D,16
D173.A_N184.B+N184.B,16
E152.B+E152.C,16
D173.A_N184.C+N184.C,15
D173.A_E152.C_N184.C+E141.A_D173.A,15
D173.A_N184.C+N184.C_N184.D,15
D173.A_E152.C+E152.C_N184.C,15
E141.A+E152.B_N184.B,15
E152.D_N184.D+N184.B_E152.D,14
E152.B_N184.D+E152.C,14
E141.A_D173.A_N184.B+N184.B_E152.D_N184.D,13
D173.A_E152.C_N184.C+E141.A_D173.A_N184.B,13
E141.A_D173.A+E141.A_N184.B,13
N184.B+N184.C_N184.D,13
E141.A_D173.A+N184.B_E152.D,13
E152.D_N184.D+N184.C_E152.D_N184.D,13
E141.A_D173.A+N184.C_E152.D,12
E152.C_N184.C+N184.B_E152.D,12
E141.A_D173.A_N184.C+E152.D_N184.D,12
E152.C_N184.C_N184.D+E152.D_N184.D,12
E141.A_D173.A_N184.B+N184.D,11
E152.D+E152.D_N184.D,11
D173.A_N184.B_N184.C+E152.C,11
D173.A+N184.B,11
E152.C_N184.C+E152.C_N184.C_N184.D,11
E152.B_N184.B_N184.D+N184.B,11
D173.A+N184.C_N184.D,10
D173.A_N184.B_N184.C+E152.B_N184.B,10
E152.D_N184.D+N184.B_E152.D_N184.D,10
D173.A_N184.C+E152.D,10
D173.A_E152.C+D173.A_N184.B,10
D173.A+D173.A_N184.B,10
E152.D_N184.D+N184.C_E152.D,10
E152.B_N184.B+N184.B_N184.C,10
E141.A+N184.C,9
D173.A_E152.B_N184.B+E152.C_N184.C,9
E141.A_E152.C+E152.D_N184.D,9
E141.A_D173.A_N184.B+E152.B,9
E152.B_N184.B+N184.B_N184.D,9
N184.B_N184.C+N184.C_E152.D_N184.D,8
D173.A_N184.B_N184.C+N184.C_E152.D_N184.D,8
D173.A_N184.B_N184.C+N184.C,8
D173.A_N184.B_N184.C+N184.B,8
D173.A_E152.C+E141.A_D173.A_N184.B,8
D173.A_E152.C+E141.A_D173.A,8
E141.A_N184.B+N184.B,8
D173.A_N184.B+E152.D,8
E152.C+N184.C_E152.D_N184.D,8
N184.B+N184.C_E152.D_N184.D,7
D173.A_N184.C+N184.B_N184.C,7
D173.A_N184.B_N184.C+N184.C_N184.D,7
E141.A_D173.A_N184.B+N184.B_E152.D,7
D173.A_E152.C_N184.C+D173.A_N184.B,7
E141.A+E141.A_D173.A_N184.B,7
E152.B_N184.B_N184.D+N184.C_N184.D,7
D173.A_N184.B+E152.B_N184.D,7
E141.A_D173.A_N184.B+N184.C_E152.D,6
E141.A_D173.A+E152.B_N184.B_E152.D_N184.D,6
E141.A+N184.B_N184.D,6
E141.A_D173.A+E141.A_D173.A_N184.C,6
D173.A_N184.B+E141.A,6
D173.A_N184.C+N184.C_E152.D_N184.D,6
E152.C+N184.B_N184.D,6
E141.A_D173.A+E141.A_E152.C,6
N184.C+N184.C_N184.D,6
E152.C+N184.D,6
D173.A_E152.B_N184.B+E152.D_N184.D,6
D173.A_N184.C+E141.A,6
E141.A+E152.C,6
D173.A_N184.C+E152.B_N184.B_N184.D,6
D173.A_N184.B+E152.B_N184.B_N184.D,6
D173.A+E152.B_N184.B_N184.D,6
E152.B_E152.D_N184.D+E152.D_N184.D,6
E152.B_N184.D+N184.B,6
E141.A+E152.B_N184.B_N184.D,6
E141.A_D173.A+E152.C_N184.C_E152.D,5
E141.A_D173.A_N184.B+E141.A_E152.B_N184.B,5
N184.C_E152.D_N184.D+N184.C_N184.D,5
E141.A+N184.B,5
E152.C_N184.C+N184.C_E152.D,5
E152.D+N184.B_N184.C,5
D173.A+E141.A,5
D173.A_N184.B+N184.C_E152.D,5
E141.A+N184.C_N184.D,5
N184.B+N184.B_N184.D,5
E141.A_N184.B+E152.C,5
E152.C+E152.C_N184.C_N184.D,5
E141.A_D173.A+E152.B_E152.D,5
E141.A_E152.C+E152.B_N184.B,5
E141.A_D173.A+N184.B_N184.C_E152.D_N184.D,4
N184.B_N184.C+N184.C,4
D173.A_N184.B_N184.C+N184.B_N184.C_E152.D_N184.D,4
D173.A_N184.B_N184.C+N184.B_N184.C,4
D173.A_N184.B+N184.B_N184.C,4
D173.A_N184.B_N184.C+D173.A_N184.C,4
D173.A_E152.C_N184.C+N184.B,4
E141.A_N184.B+E152.B_N184.B,4
E152.B_N184.B_E152.D+E152.D_N184.D,4
D173.A_E152.C_N184.C+D173.A_N184.C,4
D173.A_N184.B+N184.B_E152.D_N184.D,4
D173.A_N184.B+N184.B_N184.C_N184.D,4
D173.A_N184.B+N184.B_N184.D,4
N184.B+N184.D,4
E152.B_N184.B+E152.D,4
E152.C+N184.B_E152.D,4
D173.A_N184.C+N184.B_N184.C_N184.D,4
E152.B_N184.B+N184.C_E152.D_N184.D,4
N184.B_N184.D+N184.C,4
E141.A_D173.A_N184.C+E152.C_N184.C,4
D173.A_N184.C+N184.B_N184.D,4
E141.A_E152.C+E152.C_N184.C,4
D173.A_N184.B_N184.C_N184.D+E141.A_D173.A,4
N184.C+N184.D,4
E152.C+N184.B_N184.C,4
N184.B+N184.C_E152.D,4
E141.A_D173.A_N184.B+E152.C_N184.C_N184.D,4
E152.C_N184.C_N184.D+N184.B,4
E152.C+N184.B_N184.C_N184.D,4
D173.A_N184.B+E152.B,4
D173.A_N184.C+E152.B,4
E152.B_N184.B_N184.D+N184.B_N184.C_N184.D,4
D173.A+N184.B_N184.D,4
E152.B_N184.B+E152.C_N184.C_N184.D,4
E152.B_N184.B_N184.D+N184.C,4
E152.B_E152.D+E152.C_N184.C,4
E152.B_N184.D+N184.C,4
E152.B_N184.B+N184.B_N184.C_N184.D,4
E152.B_N184.B_N184.D+N184.D,4
E141.A_D173.A+E141.A_D173.A_N184.B_N184.C,3
N184.C+N184.C_E152.D_N184.D,3
D173.A_N184.B_N184.C+N184.B_E152.D_N184.D,3
E141.A_E152.B_N184.B+E152.C_N184.C,3
E141.A_D173.A+E141.A_E152.B_N184.B,3
D173.A_N184.C+E141.A_N184.B,3
E152.B_N184.B_E152.D+E152.C_N184.C,3
D173.A_E152.C_N184.C+E152.B_N184.B,3
E141.A_D173.A_E152.B_N184.B+E152.D_N184.D,3
E152.D+N184.C,3
D173.A_E152.C+E141.A_N184.B,3
D173.A_E152.C_N184.C+E141.A,3
E152.D+N184.B_N184.C_N184.D,3
E152.B_N184.B_E152.D_N184.D+E152.C_N184.C,3
D173.A_N184.B+E141.A_D173.A_N184.C,3
E141.A_D173.A+E141.A_E152.C_N184.C,3
E152.D+N184.B_N184.D,3
N184.B_E152.D_N184.D+N184.C_N184.D,3
E152.D+N184.C_N184.D,3
E152.D+N184.B,3
E141.A+N184.B_E152.D_N184.D,3
D173.A_N184.B_N184.C_N184.D+E152.C_N184.C,3
D173.A_N184.C+N184.D,3
N184.B_N184.D+N184.C_N184.D,3
D173.A_N184.B+D173.A_N184.B_N184.C,3
N184.B+N184.B_E152.D_N184.D,3
E141.A_D173.A+E152.C_E152.D,3
E152.C_N184.C_N184.D+N184.C_N184.D,3
D173.A_E152.B_N184.B+E141.A_D173.A,3
D173.A_E152.B_N184.B+N184.C_E152.D_N184.D,3
E141.A+E152.D,3
E141.A_N184.B+N184.C,3
E152.C+E152.D,3
E141.A+E152.B,3
E152.B+N184.C_N184.D,3
D173.A_N184.C+E152.C_N184.C_N184.D,3
E152.B+E152.B_N184.D,3
E152.B+E152.B_N184.B_N184.D,3
E152.B_E152.D_N184.D+N184.B,3
D173.A_N184.C+E152.B_N184.D,3
D173.A+N184.D,3
E141.A_D173.A_N184.B+E152.B_N184.D,3
E152.B+N184.B,3
E141.A_E152.B+E152.D_N184.D,3
D173.A+D173.A_E152.C,3
D173.A_E152.C+D173.A_N184.C,3
E152.B_N184.B_N184.D+E152.B_N184.D,3
E141.A_D173.A_N184.B_N184.C+N184.C_E152.D,2
N184.B_E152.D_N184.D+N184.B_N184.C,2
N184.B_N184.C+N184.B_N184.C_N184.D,2
N184.B+N184.B_N184.C,2
D173.A_N184.B_N184.C+N184.B_N184.D,2
E141.A_E152.B_N184.B+N184.C_N184.D,2
E141.A_E152.B_N184.B+N184.C_E152.D_N184.D,2
E141.A_N184.B+N184.C_E152.D_N184.D,2
E152.C_N184.C+N184.B_E152.C,2
D173.A_E152.C+N184.B,2
E141.A_D173.A+E152.B_N184.B_E152.D,2
E141.A_D173.A_N184.B+E152.B_N184.B_E152.D,2
D173.A_E152.C_N184.C+E141.A_N184.B,2
D173.A_N184.B+E141.A_N184.B,2
E141.A_D173.A+E141.A_D173.A_E152.B_N184.B,2
D173.A+E152.D,2
E141.A_N184.B+N184.B_N184.D,2
E141.A_D173.A_N184.B+E152.C_E152.D,2
E152.C_E152.D+E152.C_N184.C,2
D173.A_E152.C_N184.C+E152.C,2
E152.C_N184.C+E152.C_N184.C_E152.D,2
E152.B_N184.B_E152.D_N184.D+E152.D_N184.D,2
D173.A_N184.C+E152.B_N184.B_E152.D,2
D173.A+N184.C_E152.D_N184.D,2
D173.A+N184.B_E152.D_N184.D,2
E141.A_E152.C_N184.C+E152.D_N184.D,2
E141.A_D173.A_N184.C+N184.C_N184.D,2
E152.C+N184.B_E152.D_N184.D,2
N184.B+N184.B_N184.C_N184.D,2
D173.A_N184.B_N184.C_N184.D+E152.D_N184.D,2
E141.A+N184.D,2
D173.A_E152.C_N184.C+N184.C,2
D173.A_E152.C_N184.C+N184.C_N184.D,2
D173.A_N184.C+N184.C_E152.D,2
E141.A_N184.B+N184.C_N184.D,2
E141.A_D173.A_N184.B+E141.A_E152.C,2
E141.A+E152.C_N184.C_N184.D,2
E141.A_D173.A+E152.C_N184.D,2
E152.C+E152.C_E152.D,2
D173.A_N184.B_N184.C+E152.B,2
E152.B+N184.B_N184.C,2
D173.A_N184.B+E152.B_E152.D_N184.D,2
E152.C_N184.C_N184.D+N184.C,2
D173.A+E152.B_N184.D,2
E152.B+E152.B_N184.B,2
E152.D+N184.D,2
E141.A_E152.B_N184.B+E152.D_N184.D,2
D173.A+N184.B_N184.C,2
E141.A_D173.A_N184.B+E152.B_N184.B_N184.D,2
E152.B+N184.B_N184.D,2
E152.B_N184.D+N184.C_N184.D,2
D173.A_E152.C+E152.B,2
E141.A_D173.A+E141.A_E152.B,2
E141.A_D173.A_N184.C+N184.D,2
E141.A_D173.A_N184.C+E152.B_N184.B,2
E141.A_D173.A_N184.B_N184.C+N184.C_E152.D_N184.D,1
E141.A_D173.A_N184.B+N184.B_N184.C_E152.D_N184.D,1
E141.A_D173.A_N184.B+E141.A_D173.A_N184.B_N184.C,1
E141.A_D173.A_N184.B_N184.C+E152.C_N184.C,1
D173.A+N184.B_E152.C_N184.C,1
E141.A_D173.A_N184.B+N184.B_E152.C_N184.C,1
E152.C_N184.C_E152.D+N184.B,1
D173.A_N184.B_N184.C+E141.A_E152.B_N184.B,1
E141.A_E152.B_N184.B+N184.B,1
D173.A+D173.A_N184.B_N184.C,1
E141.A_D173.A_N184.B+N184.B_E152.C,1
D173.A_N184.B+E152.C_N184.D,1
E152.C_N184.C+E152.C_N184.D,1
E152.C_N184.D+E152.D_N184.D,1
D173.A_E152.C+N184.C_N184.D,1
D173.A_E152.C_N184.C+E152.B_N184.B_E152.D,1
N184.B_E152.D_N184.D+N184.C,1
E141.A_D173.A_E152.B_N184.B+E152.C_N184.C,1
N184.B_N184.C_N184.D+N184.C_E152.D,1
D173.A_E152.C_N184.C+N184.B_N184.C,1
E152.C_N184.C_E152.D+E152.D_N184.D,1
E152.B_N184.B+N184.B_E152.D,1
E152.D+N184.B_E152.D,1
E152.B_N184.B_E152.D_N184.D+N184.B,1
E152.B_N184.B_E152.D+E152.C,1
D173.A_N184.B_N184.C+N184.B_E152.D,1
D173.A_E152.C+N184.B_N184.D,1
E141.A+N184.C_E152.D_N184.D,1
E141.A_D173.A_N184.B+E141.A_N184.B,1
E141.A_D173.A_E152.B_N184.B+E141.A_D173.A_N184.B,1
E141.A_D173.A+E141.A_D173.A_E152.C_N184.C,1
E141.A_D173.A_E152.C_N184.C+E152.D_N184.D,1
E141.A_D173.A_E152.C_N184.C+E141.A_D173.A_N184.B,1
E141.A_D173.A_E152.C_N184.C+N184.C_N184.D,1
D173.A_E152.C_N184.C+N184.C_E152.D_N184.D,1
N184.B_N184.C_N184.D+N184.C_E152.D_N184.D,1
D173.A_N184.B_N184.C+E152.C_N184.C_E152.D,1
E152.C+E152.C_N184.C_E152.D,1
N184.B_E152.D+N184.C_N184.D,1
E152.B_N184.B_N184.D+E152.D,1
E141.A_E152.C+N184.B_E152.D_N184.D,1
E141.A+N184.B_N184.C_N184.D,1
E141.A_D173.A+N184.B_E152.C,1
E152.D_N184.D+N184.B_E152.C,1
E141.A_D173.A_N184.B+E141.A_D173.A_N184.C,1
D173.A_E152.C_N184.C+N184.D,1
N184.C_E152.D+N184.C_N184.D,1
E141.A_D173.A_N184.B_N184.C+E152.D_N184.D,1
D173.A_E152.B_N184.B+N184.B_E152.D_N184.D,1
D173.A_E152.B_N184.B+N184.B_N184.C,1
D173.A_N184.C+N184.B_E152.D_N184.D,1
D173.A_N184.B+D173.A_N184.B_N184.C_N184.D,1
E141.A_D173.A_E152.B_N184.B+N184.C_E152.D,1
D173.A_E152.B_N184.B+D173.A_N184.C,1
D173.A_E152.B_N184.B+N184.C_E152.D,1
E141.A_D173.A_E152.C+E141.A_D173.A_N184.B,1
E141.A_D173.A_E152.C+E152.D_N184.D,1
E141.A_D173.A_E152.C+N184.C_E152.D,1
E141.A_E152.C+E141.A_N184.B,1
E141.A_E152.C+N184.C_E152.D,1
E141.A_N184.B+N184.C_E152.D,1
D173.A+E141.A_N184.B,1
E152.C_N184.C_N184.D+N184.D,1
D173.A+D173.A_E152.C_N184.C,1
D173.A_E152.B_N184.B+E141.A_D173.A_N184.C,1
D173.A_E152.B_N184.B+N184.C_N184.D,1
D173.A+D173.A_N184.C,1
E152.B_N184.B+N184.C_E152.D,1
E141.A_D173.A+E152.C_E152.D_N184.D,1
E152.B_N184.B_E152.D_N184.D+E152.C,1
E141.A_N184.B+E152.D,1
E152.B_N184.B_E152.D_N184.D+N184.C_N184.D,1
D173.A_E152.B_N184.B+N184.C,1
D173.A+E152.B_E152.D_N184.D,1
N184.B_N184.C+N184.C_N184.D,1
E152.B+N184.C_E152.D_N184.D,1
D173.A_N184.C_N184.D+E141.A_D173.A,1
D173.A_N184.C_N184.D+E152.C_N184.C,1
E152.B_E152.D+E152.C,1
D173.A+E152.C_N184.C_E152.D,1
E152.B_N184.B_N184.D+N184.C_E152.D_N184.D,1
E152.B+E152.B_E152.D_N184.D,1
E152.B_N184.D+N184.B_N184.C,1
E152.B_N184.D+N184.B_N184.D,1
D173.A_N184.B+E152.C_N184.C_E152.D,1
E152.B_N184.B+E152.C_N184.C_E152.D,1
D173.A_N184.C+E152.B_N184.B_E152.D_N184.D,1
D173.A+E152.B_N184.B_E152.D_N184.D,1
D173.A_E152.C_N184.C+E152.B,1
E141.A_D173.A_N184.B+E152.B_E152.D_N184.D,1
D173.A_N184.B+N184.D,1
E141.A_E152.C+N184.C_N184.D,1
E152.B_E152.D_N184.D+E152.C,1
E152.B+N184.C,1
D173.A+E152.B,1
D173.A_E152.C+D173.A_N184.B_N184.C,1
D173.A_E152.C+E152.B_N184.B_N184.D,1
D173.A_N184.B_N184.C+E152.B_N184.B_N184.D,1
D173.A_E152.C+E152.B_N184.B,1
E152.B_N184.B_N184.D+N184.B_N184.C,1
E152.C_E152.D+E152.D_N184.D,1
D173.A_N184.B_N184.D+E152.B_N184.B_N184.D,1
E141.A+E152.B_N184.D,1
E141.A_D173.A_E152.C+N184.D,1
E141.A_E152.C+N184.B_N184.D,1
E141.A_E152.C_N184.C+E152.B_N184.D,1
E141.A_E152.C_N184.C+N184.C_N184.D,1
N184.C_N184.D+N184.D,1
E141.A_D173.A_N184.C+E152.B_N184.D,1
E141.A_E152.C_N184.C+E152.B_N184.B_N184.D,1
E141.A_E152.B+E152.C_N184.C,1
E141.A_D173.A_N184.C+N184.B,1
E152.B_N184.B+E152.C_N184.D,1
E152.B_N184.D+N184.D,1
E152.B_E152.D_N184.D+E152.B_N184.B,1
E152.B_N184.B+N184.B_E152.D_N184.D,1
E152.B+N184.B_E152.D_N184.D,1
E141.A_D173.A+E141.A_N184.C,1
E141.A_N184.C+E152.B_N184.B,1
E141.A_N184.C+E152.D_N184.D,1
D173.A+E141.A_E152.C,1
E141.A_E152.C_N184.C+N184.D,1
E152.D_N184.D,4610
E141.A_D173.A,3980
E152.C_N184.C,3542
E141.A_D173.A_N184.B,1252
E152.B_N184.B,1245
E152.C,635
N184.B,519
D173.A_N184.B,517
N184.C,480
D173.A_N184.C,377
N184.C_N184.D,344
D173.A,229
E152.B_N184.B_N184.D,190
D173.A_N184.B_N184.C,156
E152.B,129
N184.B_N184.D,125
E141.A,123
N184.C_E152.D_N184.D,116
E152.B_N184.D,116
N184.B_N184.C,106
N184.D,99
E152.D,77
N184.B_N184.C_N184.D,65
E141.A_N184.B,58
D173.A_E152.C_N184.C,53
N184.B_E152.D_N184.D,47
D173.A_E152.C,37
E152.C_N184.C_N184.D,34
E152.B_E152.D_N184.D,31
N184.C_E152.D,23
N184.B_E152.D,17
E141.A_D173.A_N184.C,16
E141.A_E152.C,15
D173.A_E152.B_N184.B,13
E141.A_E152.B_N184.B,10
E152.B_N184.B_E152.D_N184.D,7
E152.C_N184.C_E152.D,6
N184.B_N184.C_E152.D_N184.D,5
E141.A_D173.A_N184.B_N184.C,5
E152.C_E152.D,5
E141.A_E152.C_N184.C,5
E152.B_E152.D,5
E152.B_N184.B_E152.D,4
D173.A_N184.B_N184.C_N184.D,4
E152.C_N184.D,3
E141.A_D173.A_E152.B_N184.B,3
E141.A_D173.A_E152.C_N184.C,3
E141.A_E152.B,3
N184.B_E152.C,2
E141.A_D173.A_E152.C,2
N184.B_E152.C_N184.C,1
E152.C_E152.D_N184.D,1
D173.A_N184.C_N184.D,1
D173.A_N184.B_N184.D,1
E141.A_N184.C,1
